[2026-08-29 14:10:41.560] [INFO ] ROG FALCHION ACE HFX 守护进程正在启动...
[2026-08-29 14:10:41.561] [INFO ] ==========================================================
[2026-08-29 14:10:41.561] [INFO ] 开始执行 CreateLedDevice 内存安全与初始化循环压力测试
[2026-08-29 14:10:41.561] [INFO ] 测试目标: 连续执行 100 次完整的 COM 加载/建构/释放循环
[2026-08-29 14:10:41.561] [INFO ] ==========================================================
[2026-08-29 14:10:41.562] [INFO ] 初始内存占用 - WorkingSet: 8.28 MB, PrivateBytes: 1.26 MB
[2026-08-29 14:10:41.562] [INFO ] 正在尝试挂载华硕底层驱动 AacKbHal_x64.dll (CLSID_ClaymoreHal)...
[2026-08-29 14:14:02.169] [INFO ] ROG FALCHION ACE HFX 守护进程正在启动...
[2026-08-29 14:14:02.170] [INFO ] ==========================================================
[2026-08-29 14:14:02.170] [INFO ] 开始执行 CreateLedDevice 内存安全与初始化循环压力测试
[2026-08-29 14:14:02.170] [INFO ] 测试目标: 连续执行 100 次完整的 COM 加载/建构/释放循环
[2026-08-29 14:14:02.170] [INFO ] ==========================================================
[2026-08-29 14:14:02.171] [INFO ] 初始内存占用 - WorkingSet: 7.79 MB, PrivateBytes: 1.19 MB
[2026-08-29 14:14:02.171] [INFO ] 正在尝试挂载华硕底层驱动 AacKbHal_x64.dll (CLSID_ClaymoreHal)...
[2026-08-29 14:20:27.746] [INFO ] ROG FALCHION ACE HFX 守护进程正在启动...
[2026-08-29 14:20:27.747] [INFO ] ==========================================================
[2026-08-29 14:20:27.747] [INFO ] 开始执行 CreateLedDevice 内存安全与初始化循环压力测试
[2026-08-29 14:20:27.747] [INFO ] 测试目标: 连续执行 100 次完整的 COM 加载/建构/释放循环
[2026-08-29 14:20:27.747] [INFO ] ==========================================================
[2026-08-29 14:20:27.747] [INFO ] 初始内存占用 - WorkingSet: 6.96 MB, PrivateBytes: 1.05 MB
[2026-08-29 14:20:27.747] [INFO ] 正在尝试挂载华硕底层驱动 AacKbHal_x64.dll (CLSID_ClaymoreHal)...
[2026-08-29 14:20:29.406] [INFO ] HAL Access() 调用完成，返回值: -1219500192
[2026-08-29 14:20:30.771] [INFO ] CreateLedDevice 执行完成，检测到设备数量: 1
[2026-08-29 14:20:30.771] [INFO ] [+] 成功获取硬件控制权，ROG FALCHION ACE HFX 驱动通道已就绪！
[2026-08-29 14:20:30.771] [INFO ] [Cycle 1/100] 成功! 耗时: 3024274 us, WorkingSet: 12.83 MB, PrivateBytes: 3.07 MB
[2026-08-29 14:20:30.927] [INFO ] 正在尝试挂载华硕底层驱动 AacKbHal_x64.dll (CLSID_ClaymoreHal)...
[2026-08-29 14:20:32.533] [INFO ] HAL Access() 调用完成，返回值: -1219498176
[2026-08-29 14:20:33.905] [INFO ] CreateLedDevice 执行完成，检测到设备数量: 1
[2026-08-29 14:20:33.905] [INFO ] [+] 成功获取硬件控制权，ROG FALCHION ACE HFX 驱动通道已就绪！
[2026-08-29 14:20:34.062] [INFO ] 正在尝试挂载华硕底层驱动 AacKbHal_x64.dll (CLSID_ClaymoreHal)...
[2026-08-29 14:20:35.663] [INFO ] HAL Access() 调用完成，返回值: -1219500192
[2026-08-29 14:20:37.051] [INFO ] CreateLedDevice 执行完成，检测到设备数量: 1
[2026-08-29 14:20:37.052] [INFO ] [+] 成功获取硬件控制权，ROG FALCHION ACE HFX 驱动通道已就绪！
[2026-08-29 14:20:37.205] [INFO ] 正在尝试挂载华硕底层驱动 AacKbHal_x64.dll (CLSID_ClaymoreHal)...
[2026-08-29 14:20:38.826] [INFO ] HAL Access() 调用完成，返回值: -1219501056
[2026-08-29 14:20:40.258] [INFO ] CreateLedDevice 执行完成，检测到设备数量: 1
[2026-08-29 14:20:40.258] [INFO ] [+] 成功获取硬件控制权，ROG FALCHION ACE HFX 驱动通道已就绪！
[2026-08-29 14:20:40.414] [INFO ] 正在尝试挂载华硕底层驱动 AacKbHal_x64.dll (CLSID_ClaymoreHal)...
[2026-08-29 14:20:42.112] [INFO ] HAL Access() 调用完成，返回值: -1219499136
[2026-08-29 14:20:43.527] [INFO ] CreateLedDevice 执行完成，检测到设备数量: 1
[2026-08-29 14:20:43.527] [INFO ] [+] 成功获取硬件控制权，ROG FALCHION ACE HFX 驱动通道已就绪！
[2026-08-29 14:20:43.684] [INFO ] 正在尝试挂载华硕底层驱动 AacKbHal_x64.dll (CLSID_ClaymoreHal)...
[2026-08-29 14:20:45.286] [INFO ] HAL Access() 调用完成，返回值: -1219499136
[2026-08-29 14:20:46.672] [INFO ] CreateLedDevice 执行完成，检测到设备数量: 1
[2026-08-29 14:20:46.672] [INFO ] [+] 成功获取硬件控制权，ROG FALCHION ACE HFX 驱动通道已就绪！
[2026-08-29 14:20:46.829] [INFO ] 正在尝试挂载华硕底层驱动 AacKbHal_x64.dll (CLSID_ClaymoreHal)...
[2026-08-29 14:20:48.444] [INFO ] HAL Access() 调用完成，返回值: -1219499136
[2026-08-29 14:20:49.820] [INFO ] CreateLedDevice 执行完成，检测到设备数量: 1
[2026-08-29 14:20:49.820] [INFO ] [+] 成功获取硬件控制权，ROG FALCHION ACE HFX 驱动通道已就绪！
[2026-08-29 14:20:49.978] [INFO ] 正在尝试挂载华硕底层驱动 AacKbHal_x64.dll (CLSID_ClaymoreHal)...
[2026-08-29 14:20:51.604] [INFO ] HAL Access() 调用完成，返回值: -1219499136
[2026-08-29 14:20:52.978] [INFO ] CreateLedDevice 执行完成，检测到设备数量: 1
[2026-08-29 14:20:52.978] [INFO ] [+] 成功获取硬件控制权，ROG FALCHION ACE HFX 驱动通道已就绪！
[2026-08-29 14:20:53.134] [INFO ] 正在尝试挂载华硕底层驱动 AacKbHal_x64.dll (CLSID_ClaymoreHal)...
[2026-08-29 14:20:54.820] [INFO ] HAL Access() 调用完成，返回值: -1218972400
[2026-08-29 14:20:56.271] [INFO ] CreateLedDevice 执行完成，检测到设备数量: 1
[2026-08-29 14:20:56.271] [INFO ] [+] 成功获取硬件控制权，ROG FALCHION ACE HFX 驱动通道已就绪！
[2026-08-29 14:20:56.425] [INFO ] 正在尝试挂载华硕底层驱动 AacKbHal_x64.dll (CLSID_ClaymoreHal)...
[2026-08-29 14:20:58.070] [INFO ] HAL Access() 调用完成，返回值: -1218972208
[2026-08-29 14:20:59.448] [INFO ] CreateLedDevice 执行完成，检测到设备数量: 1
[2026-08-29 14:20:59.449] [INFO ] [+] 成功获取硬件控制权，ROG FALCHION ACE HFX 驱动通道已就绪！
[2026-08-29 14:20:59.449] [INFO ] [Cycle 10/100] 成功! 耗时: 3023304 us, WorkingSet: 16.38 MB, PrivateBytes: 7.47 MB
[2026-08-29 14:20:59.604] [INFO ] 正在尝试挂载华硕底层驱动 AacKbHal_x64.dll (CLSID_ClaymoreHal)...
[2026-08-29 14:21:01.217] [INFO ] HAL Access() 调用完成，返回值: -1218971152
[2026-08-29 14:21:02.603] [INFO ] CreateLedDevice 执行完成，检测到设备数量: 1
[2026-08-29 14:21:02.603] [INFO ] [+] 成功获取硬件控制权，ROG FALCHION ACE HFX 驱动通道已就绪！
[2026-08-29 14:21:02.761] [INFO ] 正在尝试挂载华硕底层驱动 AacKbHal_x64.dll (CLSID_ClaymoreHal)...
[2026-08-29 14:21:04.371] [INFO ] HAL Access() 调用完成，返回值: -1218972496
[2026-08-29 14:21:05.755] [INFO ] CreateLedDevice 执行完成，检测到设备数量: 1
[2026-08-29 14:21:05.755] [INFO ] [+] 成功获取硬件控制权，ROG FALCHION ACE HFX 驱动通道已就绪！
[2026-08-29 14:21:05.911] [INFO ] 正在尝试挂载华硕底层驱动 AacKbHal_x64.dll (CLSID_ClaymoreHal)...
[2026-08-29 14:21:07.520] [INFO ] HAL Access() 调用完成，返回值: -1218972688
[2026-08-29 14:21:08.986] [INFO ] CreateLedDevice 执行完成，检测到设备数量: 1
[2026-08-29 14:21:08.986] [INFO ] [+] 成功获取硬件控制权，ROG FALCHION ACE HFX 驱动通道已就绪！
[2026-08-29 14:21:09.142] [INFO ] 正在尝试挂载华硕底层驱动 AacKbHal_x64.dll (CLSID_ClaymoreHal)...
[2026-08-29 14:21:10.843] [INFO ] HAL Access() 调用完成，返回值: -1218973168
[2026-08-29 14:21:12.232] [INFO ] CreateLedDevice 执行完成，检测到设备数量: 1
[2026-08-29 14:21:12.232] [INFO ] [+] 成功获取硬件控制权，ROG FALCHION ACE HFX 驱动通道已就绪！
[2026-08-29 14:21:12.387] [INFO ] 正在尝试挂载华硕底层驱动 AacKbHal_x64.dll (CLSID_ClaymoreHal)...
[2026-08-29 14:21:14.009] [INFO ] HAL Access() 调用完成，返回值: -1218972208
[2026-08-29 14:21:15.393] [INFO ] CreateLedDevice 执行完成，检测到设备数量: 1
[2026-08-29 14:21:15.393] [INFO ] [+] 成功获取硬件控制权，ROG FALCHION ACE HFX 驱动通道已就绪！
[2026-08-29 14:21:15.549] [INFO ] 正在尝试挂载华硕底层驱动 AacKbHal_x64.dll (CLSID_ClaymoreHal)...
[2026-08-29 14:21:17.154] [INFO ] HAL Access() 调用完成，返回值: -1218972688
[2026-08-29 14:21:18.520] [INFO ] CreateLedDevice 执行完成，检测到设备数量: 1
[2026-08-29 14:21:18.521] [INFO ] [+] 成功获取硬件控制权，ROG FALCHION ACE HFX 驱动通道已就绪！
[2026-08-29 14:21:18.675] [INFO ] 正在尝试挂载华硕底层驱动 AacKbHal_x64.dll (CLSID_ClaymoreHal)...
[2026-08-29 14:21:20.281] [INFO ] HAL Access() 调用完成，返回值: -1218972688
[2026-08-29 14:21:21.666] [INFO ] CreateLedDevice 执行完成，检测到设备数量: 1
[2026-08-29 14:21:21.666] [INFO ] [+] 成功获取硬件控制权，ROG FALCHION ACE HFX 驱动通道已就绪！
[2026-08-29 14:21:21.823] [INFO ] 正在尝试挂载华硕底层驱动 AacKbHal_x64.dll (CLSID_ClaymoreHal)...
[2026-08-29 14:21:23.506] [INFO ] HAL Access() 调用完成，返回值: -1219499136
[2026-08-29 14:21:24.971] [INFO ] CreateLedDevice 执行完成，检测到设备数量: 1
[2026-08-29 14:21:24.971] [INFO ] [+] 成功获取硬件控制权，ROG FALCHION ACE HFX 驱动通道已就绪！
[2026-08-29 14:21:25.125] [INFO ] 正在尝试挂载华硕底层驱动 AacKbHal_x64.dll (CLSID_ClaymoreHal)...
[2026-08-29 14:21:26.740] [INFO ] HAL Access() 调用完成，返回值: -1187191584
[2026-08-29 14:21:28.124] [INFO ] CreateLedDevice 执行完成，检测到设备数量: 1
[2026-08-29 14:21:28.124] [INFO ] [+] 成功获取硬件控制权，ROG FALCHION ACE HFX 驱动通道已就绪！
[2026-08-29 14:21:28.280] [INFO ] 正在尝试挂载华硕底层驱动 AacKbHal_x64.dll (CLSID_ClaymoreHal)...
[2026-08-29 14:21:29.885] [INFO ] HAL Access() 调用完成，返回值: -1187191872
[2026-08-29 14:21:31.254] [INFO ] CreateLedDevice 执行完成，检测到设备数量: 1
[2026-08-29 14:21:31.254] [INFO ] [+] 成功获取硬件控制权，ROG FALCHION ACE HFX 驱动通道已就绪！
[2026-08-29 14:21:31.254] [INFO ] [Cycle 20/100] 成功! 耗时: 2973990 us, WorkingSet: 20.26 MB, PrivateBytes: 11.54 MB
[2026-08-29 14:21:31.410] [INFO ] 正在尝试挂载华硕底层驱动 AacKbHal_x64.dll (CLSID_ClaymoreHal)...
[2026-08-29 14:21:33.018] [INFO ] HAL Access() 调用完成，返回值: -1187194080
[2026-08-29 14:21:34.374] [INFO ] CreateLedDevice 执行完成，检测到设备数量: 1
[2026-08-29 14:21:34.374] [INFO ] [+] 成功获取硬件控制权，ROG FALCHION ACE HFX 驱动通道已就绪！
[2026-08-29 14:21:34.533] [INFO ] 正在尝试挂载华硕底层驱动 AacKbHal_x64.dll (CLSID_ClaymoreHal)...
[2026-08-29 14:21:36.202] [INFO ] HAL Access() 调用完成，返回值: -1187194080
[2026-08-29 14:21:37.653] [INFO ] CreateLedDevice 执行完成，检测到设备数量: 1
[2026-08-29 14:21:37.653] [INFO ] [+] 成功获取硬件控制权，ROG FALCHION ACE HFX 驱动通道已就绪！
[2026-08-29 14:21:37.809] [INFO ] 正在尝试挂载华硕底层驱动 AacKbHal_x64.dll (CLSID_ClaymoreHal)...
[2026-08-29 14:21:39.466] [INFO ] HAL Access() 调用完成，返回值: -1187193312
[2026-08-29 14:21:40.837] [INFO ] CreateLedDevice 执行完成，检测到设备数量: 1
[2026-08-29 14:21:40.837] [INFO ] [+] 成功获取硬件控制权，ROG FALCHION ACE HFX 驱动通道已就绪！
[2026-08-29 14:21:40.992] [INFO ] 正在尝试挂载华硕底层驱动 AacKbHal_x64.dll (CLSID_ClaymoreHal)...
[2026-08-29 14:21:42.618] [INFO ] HAL Access() 调用完成，返回值: -1187191680
[2026-08-29 14:21:44.009] [INFO ] CreateLedDevice 执行完成，检测到设备数量: 1
[2026-08-29 14:21:44.009] [INFO ] [+] 成功获取硬件控制权，ROG FALCHION ACE HFX 驱动通道已就绪！
[2026-08-29 14:21:44.165] [INFO ] 正在尝试挂载华硕底层驱动 AacKbHal_x64.dll (CLSID_ClaymoreHal)...
[2026-08-29 14:21:45.771] [INFO ] HAL Access() 调用完成，返回值: -1187194080
[2026-08-29 14:21:47.157] [INFO ] CreateLedDevice 执行完成，检测到设备数量: 1
[2026-08-29 14:21:47.157] [INFO ] [+] 成功获取硬件控制权，ROG FALCHION ACE HFX 驱动通道已就绪！
[2026-08-29 14:21:47.312] [INFO ] 正在尝试挂载华硕底层驱动 AacKbHal_x64.dll (CLSID_ClaymoreHal)...
[2026-08-29 14:21:48.935] [INFO ] HAL Access() 调用完成，返回值: -1187195040
[2026-08-29 14:21:50.359] [INFO ] CreateLedDevice 执行完成，检测到设备数量: 1
[2026-08-29 14:21:50.359] [INFO ] [+] 成功获取硬件控制权，ROG FALCHION ACE HFX 驱动通道已就绪！
[2026-08-29 14:21:50.515] [INFO ] 正在尝试挂载华硕底层驱动 AacKbHal_x64.dll (CLSID_ClaymoreHal)...
[2026-08-29 14:21:52.215] [INFO ] HAL Access() 调用完成，返回值: -1187194464
[2026-08-29 14:21:53.623] [INFO ] CreateLedDevice 执行完成，检测到设备数量: 1
[2026-08-29 14:21:53.623] [INFO ] [+] 成功获取硬件控制权，ROG FALCHION ACE HFX 驱动通道已就绪！
[2026-08-29 14:21:53.781] [INFO ] 正在尝试挂载华硕底层驱动 AacKbHal_x64.dll (CLSID_ClaymoreHal)...
[2026-08-29 14:21:55.405] [INFO ] HAL Access() 调用完成，返回值: -1187194464
[2026-08-29 14:21:56.777] [INFO ] CreateLedDevice 执行完成，检测到设备数量: 1
[2026-08-29 14:21:56.777] [INFO ] [+] 成功获取硬件控制权，ROG FALCHION ACE HFX 驱动通道已就绪！
[2026-08-29 14:21:56.933] [INFO ] 正在尝试挂载华硕底层驱动 AacKbHal_x64.dll (CLSID_ClaymoreHal)...
[2026-08-29 14:21:58.552] [INFO ] HAL Access() 调用完成，返回值: -1183994880
[2026-08-29 14:21:59.922] [INFO ] CreateLedDevice 执行完成，检测到设备数量: 1
[2026-08-29 14:21:59.922] [INFO ] [+] 成功获取硬件控制权，ROG FALCHION ACE HFX 驱动通道已就绪！
[2026-08-29 14:22:00.077] [INFO ] 正在尝试挂载华硕底层驱动 AacKbHal_x64.dll (CLSID_ClaymoreHal)...
[2026-08-29 14:22:01.688] [INFO ] HAL Access() 调用完成，返回值: -1183996704
[2026-08-29 14:22:03.069] [INFO ] CreateLedDevice 执行完成，检测到设备数量: 1
[2026-08-29 14:22:03.069] [INFO ] [+] 成功获取硬件控制权，ROG FALCHION ACE HFX 驱动通道已就绪！
[2026-08-29 14:22:03.069] [INFO ] [Cycle 30/100] 成功! 耗时: 2992061 us, WorkingSet: 23.79 MB, PrivateBytes: 15.67 MB
[2026-08-29 14:22:03.227] [INFO ] 正在尝试挂载华硕底层驱动 AacKbHal_x64.dll (CLSID_ClaymoreHal)...
[2026-08-29 14:22:04.924] [INFO ] HAL Access() 调用完成，返回值: -1183995360
[2026-08-29 14:22:06.392] [INFO ] CreateLedDevice 执行完成，检测到设备数量: 1
[2026-08-29 14:22:06.392] [INFO ] [+] 成功获取硬件控制权，ROG FALCHION ACE HFX 驱动通道已就绪！
[2026-08-29 14:22:06.548] [INFO ] 正在尝试挂载华硕底层驱动 AacKbHal_x64.dll (CLSID_ClaymoreHal)...
[2026-08-29 14:22:08.168] [INFO ] HAL Access() 调用完成，返回值: -1183995840
[2026-08-29 14:22:09.555] [INFO ] CreateLedDevice 执行完成，检测到设备数量: 1
[2026-08-29 14:22:09.555] [INFO ] [+] 成功获取硬件控制权，ROG FALCHION ACE HFX 驱动通道已就绪！
[2026-08-29 14:22:09.710] [INFO ] 正在尝试挂载华硕底层驱动 AacKbHal_x64.dll (CLSID_ClaymoreHal)...
[2026-08-29 14:22:11.315] [INFO ] HAL Access() 调用完成，返回值: -1183996416
[2026-08-29 14:22:12.682] [INFO ] CreateLedDevice 执行完成，检测到设备数量: 1
[2026-08-29 14:22:12.682] [INFO ] [+] 成功获取硬件控制权，ROG FALCHION ACE HFX 驱动通道已就绪！
[2026-08-29 14:22:12.837] [INFO ] 正在尝试挂载华硕底层驱动 AacKbHal_x64.dll (CLSID_ClaymoreHal)...
[2026-08-29 14:22:14.462] [INFO ] HAL Access() 调用完成，返回值: -1183997664
[2026-08-29 14:22:15.834] [INFO ] CreateLedDevice 执行完成，检测到设备数量: 1
[2026-08-29 14:22:15.834] [INFO ] [+] 成功获取硬件控制权，ROG FALCHION ACE HFX 驱动通道已就绪！
[2026-08-29 14:22:15.989] [INFO ] 正在尝试挂载华硕底层驱动 AacKbHal_x64.dll (CLSID_ClaymoreHal)...
[2026-08-29 14:22:17.623] [INFO ] HAL Access() 调用完成，返回值: -1183995936
[2026-08-29 14:22:19.086] [INFO ] CreateLedDevice 执行完成，检测到设备数量: 1
[2026-08-29 14:22:19.086] [INFO ] [+] 成功获取硬件控制权，ROG FALCHION ACE HFX 驱动通道已就绪！
[2026-08-29 14:22:19.242] [INFO ] 正在尝试挂载华硕底层驱动 AacKbHal_x64.dll (CLSID_ClaymoreHal)...
[2026-08-29 14:22:20.928] [INFO ] HAL Access() 调用完成，返回值: -1183994688
[2026-08-29 14:22:22.302] [INFO ] CreateLedDevice 执行完成，检测到设备数量: 1
[2026-08-29 14:22:22.302] [INFO ] [+] 成功获取硬件控制权，ROG FALCHION ACE HFX 驱动通道已就绪！
[2026-08-29 14:22:22.458] [INFO ] 正在尝试挂载华硕底层驱动 AacKbHal_x64.dll (CLSID_ClaymoreHal)...
[2026-08-29 14:22:24.082] [INFO ] HAL Access() 调用完成，返回值: -1183995840
[2026-08-29 14:22:25.480] [INFO ] CreateLedDevice 执行完成，检测到设备数量: 1
[2026-08-29 14:22:25.480] [INFO ] [+] 成功获取硬件控制权，ROG FALCHION ACE HFX 驱动通道已就绪！
[2026-08-29 14:22:25.637] [INFO ] 正在尝试挂载华硕底层驱动 AacKbHal_x64.dll (CLSID_ClaymoreHal)...
[2026-08-29 14:22:27.242] [INFO ] HAL Access() 调用完成，返回值: -1183994688
[2026-08-29 14:22:28.631] [INFO ] CreateLedDevice 执行完成，检测到设备数量: 1
[2026-08-29 14:22:28.631] [INFO ] [+] 成功获取硬件控制权，ROG FALCHION ACE HFX 驱动通道已就绪！
[2026-08-29 14:22:28.788] [INFO ] 正在尝试挂载华硕底层驱动 AacKbHal_x64.dll (CLSID_ClaymoreHal)...
[2026-08-29 14:22:30.397] [INFO ] HAL Access() 调用完成，返回值: -1187243888
[2026-08-29 14:22:31.799] [INFO ] CreateLedDevice 执行完成，检测到设备数量: 1
[2026-08-29 14:22:31.799] [INFO ] [+] 成功获取硬件控制权，ROG FALCHION ACE HFX 驱动通道已就绪！
[2026-08-29 14:22:31.955] [INFO ] 正在尝试挂载华硕底层驱动 AacKbHal_x64.dll (CLSID_ClaymoreHal)...
[2026-08-29 14:22:33.656] [INFO ] HAL Access() 调用完成，返回值: -1187245712
[2026-08-29 14:22:35.121] [INFO ] CreateLedDevice 执行完成，检测到设备数量: 1
[2026-08-29 14:22:35.121] [INFO ] [+] 成功获取硬件控制权，ROG FALCHION ACE HFX 驱动通道已就绪！
[2026-08-29 14:22:35.121] [INFO ] [Cycle 40/100] 成功! 耗时: 3166079 us, WorkingSet: 27.41 MB, PrivateBytes: 19.78 MB
[2026-08-29 14:22:35.277] [INFO ] 正在尝试挂载华硕底层驱动 AacKbHal_x64.dll (CLSID_ClaymoreHal)...
[2026-08-29 14:22:36.900] [INFO ] HAL Access() 调用完成，返回值: -1187246000
[2026-08-29 14:22:38.274] [INFO ] CreateLedDevice 执行完成，检测到设备数量: 1
[2026-08-29 14:22:38.274] [INFO ] [+] 成功获取硬件控制权，ROG FALCHION ACE HFX 驱动通道已就绪！
[2026-08-29 14:22:38.428] [INFO ] 正在尝试挂载华硕底层驱动 AacKbHal_x64.dll (CLSID_ClaymoreHal)...
[2026-08-29 14:22:40.052] [INFO ] HAL Access() 调用完成，返回值: -1187243120
[2026-08-29 14:22:41.434] [INFO ] CreateLedDevice 执行完成，检测到设备数量: 1
[2026-08-29 14:22:41.434] [INFO ] [+] 成功获取硬件控制权，ROG FALCHION ACE HFX 驱动通道已就绪！
[2026-08-29 14:22:41.591] [INFO ] 正在尝试挂载华硕底层驱动 AacKbHal_x64.dll (CLSID_ClaymoreHal)...
[2026-08-29 14:22:43.212] [INFO ] HAL Access() 调用完成，返回值: -1187244944
[2026-08-29 14:22:44.597] [INFO ] CreateLedDevice 执行完成，检测到设备数量: 1
[2026-08-29 14:22:44.597] [INFO ] [+] 成功获取硬件控制权，ROG FALCHION ACE HFX 驱动通道已就绪！
[2026-08-29 14:22:44.753] [INFO ] 正在尝试挂载华硕底层驱动 AacKbHal_x64.dll (CLSID_ClaymoreHal)...
[2026-08-29 14:22:46.419] [INFO ] HAL Access() 调用完成，返回值: -1187243888
[2026-08-29 14:22:47.870] [INFO ] CreateLedDevice 执行完成，检测到设备数量: 1
[2026-08-29 14:22:47.870] [INFO ] [+] 成功获取硬件控制权，ROG FALCHION ACE HFX 驱动通道已就绪！
[2026-08-29 14:22:48.025] [INFO ] 正在尝试挂载华硕底层驱动 AacKbHal_x64.dll (CLSID_ClaymoreHal)...
[2026-08-29 14:22:49.676] [INFO ] HAL Access() 调用完成，返回值: -1187245712
[2026-08-29 14:22:51.063] [INFO ] CreateLedDevice 执行完成，检测到设备数量: 1
[2026-08-29 14:22:51.064] [INFO ] [+] 成功获取硬件控制权，ROG FALCHION ACE HFX 驱动通道已就绪！
[2026-08-29 14:22:51.218] [INFO ] 正在尝试挂载华硕底层驱动 AacKbHal_x64.dll (CLSID_ClaymoreHal)...
[2026-08-29 14:22:52.828] [INFO ] HAL Access() 调用完成，返回值: -1187243504
[2026-08-29 14:22:54.216] [INFO ] CreateLedDevice 执行完成，检测到设备数量: 1
[2026-08-29 14:22:54.216] [INFO ] [+] 成功获取硬件控制权，ROG FALCHION ACE HFX 驱动通道已就绪！
[2026-08-29 14:22:54.371] [INFO ] 正在尝试挂载华硕底层驱动 AacKbHal_x64.dll (CLSID_ClaymoreHal)...
[2026-08-29 14:22:55.990] [INFO ] HAL Access() 调用完成，返回值: -1187244560
[2026-08-29 14:22:57.376] [INFO ] CreateLedDevice 执行完成，检测到设备数量: 1
[2026-08-29 14:22:57.376] [INFO ] [+] 成功获取硬件控制权，ROG FALCHION ACE HFX 驱动通道已就绪！
[2026-08-29 14:22:57.533] [INFO ] 正在尝试挂载华硕底层驱动 AacKbHal_x64.dll (CLSID_ClaymoreHal)...
[2026-08-29 14:22:59.154] [INFO ] HAL Access() 调用完成，返回值: -1187245808
[2026-08-29 14:23:00.615] [INFO ] CreateLedDevice 执行完成，检测到设备数量: 1
[2026-08-29 14:23:00.615] [INFO ] [+] 成功获取硬件控制权，ROG FALCHION ACE HFX 驱动通道已就绪！
[2026-08-29 14:23:00.769] [INFO ] 正在尝试挂载华硕底层驱动 AacKbHal_x64.dll (CLSID_ClaymoreHal)...
[2026-08-29 14:23:02.455] [INFO ] HAL Access() 调用完成，返回值: -1187245808
[2026-08-29 14:23:03.873] [INFO ] CreateLedDevice 执行完成，检测到设备数量: 1
[2026-08-29 14:23:03.874] [INFO ] [+] 成功获取硬件控制权，ROG FALCHION ACE HFX 驱动通道已就绪！
[2026-08-29 14:23:04.029] [INFO ] 正在尝试挂载华硕底层驱动 AacKbHal_x64.dll (CLSID_ClaymoreHal)...
[2026-08-29 14:23:05.634] [INFO ] HAL Access() 调用完成，返回值: -1180221136
[2026-08-29 14:23:07.007] [INFO ] CreateLedDevice 执行完成，检测到设备数量: 1
[2026-08-29 14:23:07.007] [INFO ] [+] 成功获取硬件控制权，ROG FALCHION ACE HFX 驱动通道已就绪！
[2026-08-29 14:23:07.007] [INFO ] [Cycle 50/100] 成功! 耗时: 2977466 us, WorkingSet: 31.17 MB, PrivateBytes: 24.14 MB
[2026-08-29 14:23:07.163] [INFO ] 正在尝试挂载华硕底层驱动 AacKbHal_x64.dll (CLSID_ClaymoreHal)...
[2026-08-29 14:23:08.791] [INFO ] HAL Access() 调用完成，返回值: -1180220656
[2026-08-29 14:23:10.162] [INFO ] CreateLedDevice 执行完成，检测到设备数量: 1
[2026-08-29 14:23:10.162] [INFO ] [+] 成功获取硬件控制权，ROG FALCHION ACE HFX 驱动通道已就绪！
[2026-08-29 14:23:10.317] [INFO ] 正在尝试挂载华硕底层驱动 AacKbHal_x64.dll (CLSID_ClaymoreHal)...
[2026-08-29 14:23:11.925] [INFO ] HAL Access() 调用完成，返回值: -1180221520
[2026-08-29 14:23:13.295] [INFO ] CreateLedDevice 执行完成，检测到设备数量: 1
[2026-08-29 14:23:13.295] [INFO ] [+] 成功获取硬件控制权，ROG FALCHION ACE HFX 驱动通道已就绪！
[2026-08-29 14:23:13.452] [INFO ] 正在尝试挂载华硕底层驱动 AacKbHal_x64.dll (CLSID_ClaymoreHal)...
[2026-08-29 14:23:15.138] [INFO ] HAL Access() 调用完成，返回值: -1180223248
[2026-08-29 14:23:16.604] [INFO ] CreateLedDevice 执行完成，检测到设备数量: 1
[2026-08-29 14:23:16.604] [INFO ] [+] 成功获取硬件控制权，ROG FALCHION ACE HFX 驱动通道已就绪！
[2026-08-29 14:23:16.761] [INFO ] 正在尝试挂载华硕底层驱动 AacKbHal_x64.dll (CLSID_ClaymoreHal)...
[2026-08-29 14:23:18.365] [INFO ] HAL Access() 调用完成，返回值: -1180223152
[2026-08-29 14:23:19.739] [INFO ] CreateLedDevice 执行完成，检测到设备数量: 1
[2026-08-29 14:23:19.739] [INFO ] [+] 成功获取硬件控制权，ROG FALCHION ACE HFX 驱动通道已就绪！
[2026-08-29 14:23:19.896] [INFO ] 正在尝试挂载华硕底层驱动 AacKbHal_x64.dll (CLSID_ClaymoreHal)...
[2026-08-29 14:23:21.520] [INFO ] HAL Access() 调用完成，返回值: -1180223440
[2026-08-29 14:23:22.912] [INFO ] CreateLedDevice 执行完成，检测到设备数量: 1
[2026-08-29 14:23:22.912] [INFO ] [+] 成功获取硬件控制权，ROG FALCHION ACE HFX 驱动通道已就绪！
[2026-08-29 14:23:23.067] [INFO ] 正在尝试挂载华硕底层驱动 AacKbHal_x64.dll (CLSID_ClaymoreHal)...
[2026-08-29 14:23:24.674] [INFO ] HAL Access() 调用完成，返回值: -1180220752
[2026-08-29 14:23:26.048] [INFO ] CreateLedDevice 执行完成，检测到设备数量: 1
[2026-08-29 14:23:26.048] [INFO ] [+] 成功获取硬件控制权，ROG FALCHION ACE HFX 驱动通道已就绪！
[2026-08-29 14:23:26.204] [INFO ] 正在尝试挂载华硕底层驱动 AacKbHal_x64.dll (CLSID_ClaymoreHal)...
[2026-08-29 14:23:27.858] [INFO ] HAL Access() 调用完成，返回值: -1180220752
[2026-08-29 14:23:29.320] [INFO ] CreateLedDevice 执行完成，检测到设备数量: 1
[2026-08-29 14:23:29.320] [INFO ] [+] 成功获取硬件控制权，ROG FALCHION ACE HFX 驱动通道已就绪！
[2026-08-29 14:23:29.476] [INFO ] 正在尝试挂载华硕底层驱动 AacKbHal_x64.dll (CLSID_ClaymoreHal)...
[2026-08-29 14:23:31.161] [INFO ] HAL Access() 调用完成，返回值: -1180223248
[2026-08-29 14:23:32.537] [INFO ] CreateLedDevice 执行完成，检测到设备数量: 1
[2026-08-29 14:23:32.537] [INFO ] [+] 成功获取硬件控制权，ROG FALCHION ACE HFX 驱动通道已就绪！
[2026-08-29 14:23:32.693] [INFO ] 正在尝试挂载华硕底层驱动 AacKbHal_x64.dll (CLSID_ClaymoreHal)...
[2026-08-29 14:23:34.301] [INFO ] HAL Access() 调用完成，返回值: -1187245808
[2026-08-29 14:23:35.681] [INFO ] CreateLedDevice 执行完成，检测到设备数量: 1
[2026-08-29 14:23:35.681] [INFO ] [+] 成功获取硬件控制权，ROG FALCHION ACE HFX 驱动通道已就绪！
[2026-08-29 14:23:35.837] [INFO ] 正在尝试挂载华硕底层驱动 AacKbHal_x64.dll (CLSID_ClaymoreHal)...
[2026-08-29 14:23:37.458] [INFO ] HAL Access() 调用完成，返回值: -1188391392
[2026-08-29 14:23:38.842] [INFO ] CreateLedDevice 执行完成，检测到设备数量: 1
[2026-08-29 14:23:38.842] [INFO ] [+] 成功获取硬件控制权，ROG FALCHION ACE HFX 驱动通道已就绪！
[2026-08-29 14:23:38.842] [INFO ] [Cycle 60/100] 成功! 耗时: 3005092 us, WorkingSet: 34.51 MB, PrivateBytes: 28.09 MB
[2026-08-29 14:23:38.998] [INFO ] 正在尝试挂载华硕底层驱动 AacKbHal_x64.dll (CLSID_ClaymoreHal)...
[2026-08-29 14:23:40.620] [INFO ] HAL Access() 调用完成，返回值: -1188391776
[2026-08-29 14:23:42.023] [INFO ] CreateLedDevice 执行完成，检测到设备数量: 1
[2026-08-29 14:23:42.023] [INFO ] [+] 成功获取硬件控制权，ROG FALCHION ACE HFX 驱动通道已就绪！
[2026-08-29 14:23:42.179] [INFO ] 正在尝试挂载华硕底层驱动 AacKbHal_x64.dll (CLSID_ClaymoreHal)...
[2026-08-29 14:23:43.872] [INFO ] HAL Access() 调用完成，返回值: -1188392064
[2026-08-29 14:23:45.320] [INFO ] CreateLedDevice 执行完成，检测到设备数量: 1
[2026-08-29 14:23:45.320] [INFO ] [+] 成功获取硬件控制权，ROG FALCHION ACE HFX 驱动通道已就绪！
[2026-08-29 14:23:45.476] [INFO ] 正在尝试挂载华硕底层驱动 AacKbHal_x64.dll (CLSID_ClaymoreHal)...
[2026-08-29 14:23:47.090] [INFO ] HAL Access() 调用完成，返回值: -1188392352
[2026-08-29 14:23:48.476] [INFO ] CreateLedDevice 执行完成，检测到设备数量: 1
[2026-08-29 14:23:48.476] [INFO ] [+] 成功获取硬件控制权，ROG FALCHION ACE HFX 驱动通道已就绪！
[2026-08-29 14:23:48.633] [INFO ] 正在尝试挂载华硕底层驱动 AacKbHal_x64.dll (CLSID_ClaymoreHal)...
[2026-08-29 14:23:50.240] [INFO ] HAL Access() 调用完成，返回值: -1188389952
[2026-08-29 14:23:51.628] [INFO ] CreateLedDevice 执行完成，检测到设备数量: 1
[2026-08-29 14:23:51.628] [INFO ] [+] 成功获取硬件控制权，ROG FALCHION ACE HFX 驱动通道已就绪！
[2026-08-29 14:23:51.785] [INFO ] 正在尝试挂载华硕底层驱动 AacKbHal_x64.dll (CLSID_ClaymoreHal)...
[2026-08-29 14:23:53.414] [INFO ] HAL Access() 调用完成，返回值: -1188393792
[2026-08-29 14:23:54.803] [INFO ] CreateLedDevice 执行完成，检测到设备数量: 1
[2026-08-29 14:23:54.803] [INFO ] [+] 成功获取硬件控制权，ROG FALCHION ACE HFX 驱动通道已就绪！
[2026-08-29 14:23:54.958] [INFO ] 正在尝试挂载华硕底层驱动 AacKbHal_x64.dll (CLSID_ClaymoreHal)...
[2026-08-29 14:23:56.661] [INFO ] HAL Access() 调用完成，返回值: -1188391776
[2026-08-29 14:23:58.099] [INFO ] CreateLedDevice 执行完成，检测到设备数量: 1
[2026-08-29 14:23:58.099] [INFO ] [+] 成功获取硬件控制权，ROG FALCHION ACE HFX 驱动通道已就绪！
[2026-08-29 14:23:58.255] [INFO ] 正在尝试挂载华硕底层驱动 AacKbHal_x64.dll (CLSID_ClaymoreHal)...
[2026-08-29 14:23:59.916] [INFO ] HAL Access() 调用完成，返回值: -1188391776
[2026-08-29 14:24:01.304] [INFO ] CreateLedDevice 执行完成，检测到设备数量: 1
[2026-08-29 14:24:01.304] [INFO ] [+] 成功获取硬件控制权，ROG FALCHION ACE HFX 驱动通道已就绪！
[2026-08-29 14:24:01.460] [INFO ] 正在尝试挂载华硕底层驱动 AacKbHal_x64.dll (CLSID_ClaymoreHal)...
[2026-08-29 14:24:03.088] [INFO ] HAL Access() 调用完成，返回值: -1188393696
[2026-08-29 14:24:04.465] [INFO ] CreateLedDevice 执行完成，检测到设备数量: 1
[2026-08-29 14:24:04.465] [INFO ] [+] 成功获取硬件控制权，ROG FALCHION ACE HFX 驱动通道已就绪！
[2026-08-29 14:24:04.622] [INFO ] 正在尝试挂载华硕底层驱动 AacKbHal_x64.dll (CLSID_ClaymoreHal)...
[2026-08-29 14:24:06.223] [INFO ] HAL Access() 调用完成，返回值: -1188393696
[2026-08-29 14:24:07.596] [INFO ] CreateLedDevice 执行完成，检测到设备数量: 1
[2026-08-29 14:24:07.596] [INFO ] [+] 成功获取硬件控制权，ROG FALCHION ACE HFX 驱动通道已就绪！
[2026-08-29 14:24:07.752] [INFO ] 正在尝试挂载华硕底层驱动 AacKbHal_x64.dll (CLSID_ClaymoreHal)...
[2026-08-29 14:24:09.364] [INFO ] HAL Access() 调用完成，返回值: -1183396400
[2026-08-29 14:24:10.826] [INFO ] CreateLedDevice 执行完成，检测到设备数量: 1
[2026-08-29 14:24:10.826] [INFO ] [+] 成功获取硬件控制权，ROG FALCHION ACE HFX 驱动通道已就绪！
[2026-08-29 14:24:10.826] [INFO ] [Cycle 70/100] 成功! 耗时: 3073567 us, WorkingSet: 37.87 MB, PrivateBytes: 31.96 MB
[2026-08-29 14:24:10.981] [INFO ] 正在尝试挂载华硕底层驱动 AacKbHal_x64.dll (CLSID_ClaymoreHal)...
[2026-08-29 14:24:12.667] [INFO ] HAL Access() 调用完成，返回值: -1183397648
[2026-08-29 14:24:14.055] [INFO ] CreateLedDevice 执行完成，检测到设备数量: 1
[2026-08-29 14:24:14.055] [INFO ] [+] 成功获取硬件控制权，ROG FALCHION ACE HFX 驱动通道已就绪！
[2026-08-29 14:24:14.211] [INFO ] 正在尝试挂载华硕底层驱动 AacKbHal_x64.dll (CLSID_ClaymoreHal)...
[2026-08-29 14:24:15.817] [INFO ] HAL Access() 调用完成，返回值: -1183397840
[2026-08-29 14:24:17.189] [INFO ] CreateLedDevice 执行完成，检测到设备数量: 1
[2026-08-29 14:24:17.189] [INFO ] [+] 成功获取硬件控制权，ROG FALCHION ACE HFX 驱动通道已就绪！
[2026-08-29 14:24:17.344] [INFO ] 正在尝试挂载华硕底层驱动 AacKbHal_x64.dll (CLSID_ClaymoreHal)...
[2026-08-29 14:24:18.963] [INFO ] HAL Access() 调用完成，返回值: -1183396208
[2026-08-29 14:24:20.333] [INFO ] CreateLedDevice 执行完成，检测到设备数量: 1
[2026-08-29 14:24:20.333] [INFO ] [+] 成功获取硬件控制权，ROG FALCHION ACE HFX 驱动通道已就绪！
[2026-08-29 14:24:20.489] [INFO ] 正在尝试挂载华硕底层驱动 AacKbHal_x64.dll (CLSID_ClaymoreHal)...
[2026-08-29 14:24:22.112] [INFO ] HAL Access() 调用完成，返回值: -1183396976
[2026-08-29 14:24:23.482] [INFO ] CreateLedDevice 执行完成，检测到设备数量: 1
[2026-08-29 14:24:23.482] [INFO ] [+] 成功获取硬件控制权，ROG FALCHION ACE HFX 驱动通道已就绪！
[2026-08-29 14:24:23.638] [INFO ] 正在尝试挂载华硕底层驱动 AacKbHal_x64.dll (CLSID_ClaymoreHal)...
[2026-08-29 14:24:25.329] [INFO ] HAL Access() 调用完成，返回值: -1183396208
[2026-08-29 14:24:26.760] [INFO ] CreateLedDevice 执行完成，检测到设备数量: 1
[2026-08-29 14:24:26.760] [INFO ] [+] 成功获取硬件控制权，ROG FALCHION ACE HFX 驱动通道已就绪！
[2026-08-29 14:24:26.915] [INFO ] 正在尝试挂载华硕底层驱动 AacKbHal_x64.dll (CLSID_ClaymoreHal)...
[2026-08-29 14:24:28.520] [INFO ] HAL Access() 调用完成，返回值: -1183396208
[2026-08-29 14:24:29.904] [INFO ] CreateLedDevice 执行完成，检测到设备数量: 1
[2026-08-29 14:24:29.904] [INFO ] [+] 成功获取硬件控制权，ROG FALCHION ACE HFX 驱动通道已就绪！
[2026-08-29 14:24:30.060] [INFO ] 正在尝试挂载华硕底层驱动 AacKbHal_x64.dll (CLSID_ClaymoreHal)...
[2026-08-29 14:24:31.666] [INFO ] HAL Access() 调用完成，返回值: -1183396976
[2026-08-29 14:24:33.038] [INFO ] CreateLedDevice 执行完成，检测到设备数量: 1
[2026-08-29 14:24:33.038] [INFO ] [+] 成功获取硬件控制权，ROG FALCHION ACE HFX 驱动通道已就绪！
[2026-08-29 14:24:33.192] [INFO ] 正在尝试挂载华硕底层驱动 AacKbHal_x64.dll (CLSID_ClaymoreHal)...
[2026-08-29 14:24:34.813] [INFO ] HAL Access() 调用完成，返回值: -1183396976
[2026-08-29 14:24:36.201] [INFO ] CreateLedDevice 执行完成，检测到设备数量: 1
[2026-08-29 14:24:36.201] [INFO ] [+] 成功获取硬件控制权，ROG FALCHION ACE HFX 驱动通道已就绪！
[2026-08-29 14:24:36.357] [INFO ] 正在尝试挂载华硕底层驱动 AacKbHal_x64.dll (CLSID_ClaymoreHal)...
[2026-08-29 14:24:38.027] [INFO ] HAL Access() 调用完成，返回值: -1183396208
[2026-08-29 14:24:39.492] [INFO ] CreateLedDevice 执行完成，检测到设备数量: 1
[2026-08-29 14:24:39.492] [INFO ] [+] 成功获取硬件控制权，ROG FALCHION ACE HFX 驱动通道已就绪！
[2026-08-29 14:24:39.649] [INFO ] 正在尝试挂载华硕底层驱动 AacKbHal_x64.dll (CLSID_ClaymoreHal)...
[2026-08-29 14:24:41.300] [INFO ] HAL Access() 调用完成，返回值: -1183396208
[2026-08-29 14:24:42.672] [INFO ] CreateLedDevice 执行完成，检测到设备数量: 1
[2026-08-29 14:24:42.672] [INFO ] [+] 成功获取硬件控制权，ROG FALCHION ACE HFX 驱动通道已就绪！
[2026-08-29 14:24:42.672] [INFO ] [Cycle 80/100] 成功! 耗时: 3023105 us, WorkingSet: 41.75 MB, PrivateBytes: 36.39 MB
[2026-08-29 14:24:42.829] [INFO ] 正在尝试挂载华硕底层驱动 AacKbHal_x64.dll (CLSID_ClaymoreHal)...
[2026-08-29 14:24:44.442] [INFO ] HAL Access() 调用完成，返回值: -1183396976
[2026-08-29 14:24:45.829] [INFO ] CreateLedDevice 执行完成，检测到设备数量: 1
[2026-08-29 14:24:45.829] [INFO ] [+] 成功获取硬件控制权，ROG FALCHION ACE HFX 驱动通道已就绪！
[2026-08-29 14:24:45.985] [INFO ] 正在尝试挂载华硕底层驱动 AacKbHal_x64.dll (CLSID_ClaymoreHal)...
[2026-08-29 14:24:47.593] [INFO ] HAL Access() 调用完成，返回值: -1183396976
[2026-08-29 14:24:48.965] [INFO ] CreateLedDevice 执行完成，检测到设备数量: 1
[2026-08-29 14:24:48.965] [INFO ] [+] 成功获取硬件控制权，ROG FALCHION ACE HFX 驱动通道已就绪！
[2026-08-29 14:24:49.121] [INFO ] 正在尝试挂载华硕底层驱动 AacKbHal_x64.dll (CLSID_ClaymoreHal)...
[2026-08-29 14:24:50.743] [INFO ] HAL Access() 调用完成，返回值: -1183396976
[2026-08-29 14:24:52.163] [INFO ] CreateLedDevice 执行完成，检测到设备数量: 1
[2026-08-29 14:24:52.163] [INFO ] [+] 成功获取硬件控制权，ROG FALCHION ACE HFX 驱动通道已就绪！
[2026-08-29 14:24:52.320] [INFO ] 正在尝试挂载华硕底层驱动 AacKbHal_x64.dll (CLSID_ClaymoreHal)...
[2026-08-29 14:24:54.000] [INFO ] HAL Access() 调用完成，返回值: -1183396976
[2026-08-29 14:24:55.404] [INFO ] CreateLedDevice 执行完成，检测到设备数量: 1
[2026-08-29 14:24:55.404] [INFO ] [+] 成功获取硬件控制权，ROG FALCHION ACE HFX 驱动通道已就绪！
[2026-08-29 14:24:55.560] [INFO ] 正在尝试挂载华硕底层驱动 AacKbHal_x64.dll (CLSID_ClaymoreHal)...
[2026-08-29 14:24:57.185] [INFO ] HAL Access() 调用完成，返回值: -1183396208
[2026-08-29 14:24:58.568] [INFO ] CreateLedDevice 执行完成，检测到设备数量: 1
[2026-08-29 14:24:58.568] [INFO ] [+] 成功获取硬件控制权，ROG FALCHION ACE HFX 驱动通道已就绪！
[2026-08-29 14:24:58.725] [INFO ] 正在尝试挂载华硕底层驱动 AacKbHal_x64.dll (CLSID_ClaymoreHal)...
[2026-08-29 14:25:00.341] [INFO ] HAL Access() 调用完成，返回值: -1183396208
[2026-08-29 14:25:01.731] [INFO ] CreateLedDevice 执行完成，检测到设备数量: 1
[2026-08-29 14:25:01.731] [INFO ] [+] 成功获取硬件控制权，ROG FALCHION ACE HFX 驱动通道已就绪！
[2026-08-29 14:25:01.886] [INFO ] 正在尝试挂载华硕底层驱动 AacKbHal_x64.dll (CLSID_ClaymoreHal)...
[2026-08-29 14:25:03.509] [INFO ] HAL Access() 调用完成，返回值: -1183396976
[2026-08-29 14:25:04.897] [INFO ] CreateLedDevice 执行完成，检测到设备数量: 1
[2026-08-29 14:25:04.897] [INFO ] [+] 成功获取硬件控制权，ROG FALCHION ACE HFX 驱动通道已就绪！
[2026-08-29 14:25:05.051] [INFO ] 正在尝试挂载华硕底层驱动 AacKbHal_x64.dll (CLSID_ClaymoreHal)...
[2026-08-29 14:25:06.738] [INFO ] HAL Access() 调用完成，返回值: -1183396208
[2026-08-29 14:25:08.205] [INFO ] CreateLedDevice 执行完成，检测到设备数量: 1
[2026-08-29 14:25:08.205] [INFO ] [+] 成功获取硬件控制权，ROG FALCHION ACE HFX 驱动通道已就绪！
[2026-08-29 14:25:08.359] [INFO ] 正在尝试挂载华硕底层驱动 AacKbHal_x64.dll (CLSID_ClaymoreHal)...
[2026-08-29 14:25:09.981] [INFO ] HAL Access() 调用完成，返回值: -1183396976
[2026-08-29 14:25:11.364] [INFO ] CreateLedDevice 执行完成，检测到设备数量: 1
[2026-08-29 14:25:11.364] [INFO ] [+] 成功获取硬件控制权，ROG FALCHION ACE HFX 驱动通道已就绪！
[2026-08-29 14:25:11.520] [INFO ] 正在尝试挂载华硕底层驱动 AacKbHal_x64.dll (CLSID_ClaymoreHal)...
[2026-08-29 14:25:13.137] [INFO ] HAL Access() 调用完成，返回值: -1183396976
[2026-08-29 14:25:14.530] [INFO ] CreateLedDevice 执行完成，检测到设备数量: 1
[2026-08-29 14:25:14.530] [INFO ] [+] 成功获取硬件控制权，ROG FALCHION ACE HFX 驱动通道已就绪！
[2026-08-29 14:25:14.530] [INFO ] [Cycle 90/100] 成功! 耗时: 3009275 us, WorkingSet: 45.27 MB, PrivateBytes: 40.52 MB
[2026-08-29 14:25:14.687] [INFO ] 正在尝试挂载华硕底层驱动 AacKbHal_x64.dll (CLSID_ClaymoreHal)...
[2026-08-29 14:25:16.315] [INFO ] HAL Access() 调用完成，返回值: -1174156480
[2026-08-29 14:25:17.704] [INFO ] CreateLedDevice 执行完成，检测到设备数量: 1
[2026-08-29 14:25:17.704] [INFO ] [+] 成功获取硬件控制权，ROG FALCHION ACE HFX 驱动通道已就绪！
[2026-08-29 14:25:17.858] [INFO ] 正在尝试挂载华硕底层驱动 AacKbHal_x64.dll (CLSID_ClaymoreHal)...
[2026-08-29 14:25:19.466] [INFO ] HAL Access() 调用完成，返回值: -1174158976
[2026-08-29 14:25:20.935] [INFO ] CreateLedDevice 执行完成，检测到设备数量: 1
[2026-08-29 14:25:20.935] [INFO ] [+] 成功获取硬件控制权，ROG FALCHION ACE HFX 驱动通道已就绪！
[2026-08-29 14:25:21.089] [INFO ] 正在尝试挂载华硕底层驱动 AacKbHal_x64.dll (CLSID_ClaymoreHal)...
[2026-08-29 14:25:22.789] [INFO ] HAL Access() 调用完成，返回值: -1174159168
[2026-08-29 14:25:24.178] [INFO ] CreateLedDevice 执行完成，检测到设备数量: 1
[2026-08-29 14:25:24.178] [INFO ] [+] 成功获取硬件控制权，ROG FALCHION ACE HFX 驱动通道已就绪！
[2026-08-29 14:25:24.335] [INFO ] 正在尝试挂载华硕底层驱动 AacKbHal_x64.dll (CLSID_ClaymoreHal)...
[2026-08-29 14:25:25.958] [INFO ] HAL Access() 调用完成，返回值: -1174160032
[2026-08-29 14:25:27.329] [INFO ] CreateLedDevice 执行完成，检测到设备数量: 1
[2026-08-29 14:25:27.329] [INFO ] [+] 成功获取硬件控制权，ROG FALCHION ACE HFX 驱动通道已就绪！
[2026-08-29 14:25:27.486] [INFO ] 正在尝试挂载华硕底层驱动 AacKbHal_x64.dll (CLSID_ClaymoreHal)...
[2026-08-29 14:25:29.086] [INFO ] HAL Access() 调用完成，返回值: -1174158112
[2026-08-29 14:25:30.455] [INFO ] CreateLedDevice 执行完成，检测到设备数量: 1
[2026-08-29 14:25:30.455] [INFO ] [+] 成功获取硬件控制权，ROG FALCHION ACE HFX 驱动通道已就绪！
[2026-08-29 14:25:30.610] [INFO ] 正在尝试挂载华硕底层驱动 AacKbHal_x64.dll (CLSID_ClaymoreHal)...
[2026-08-29 14:25:32.217] [INFO ] HAL Access() 调用完成，返回值: -1174159744
[2026-08-29 14:25:33.610] [INFO ] CreateLedDevice 执行完成，检测到设备数量: 1
[2026-08-29 14:25:33.610] [INFO ] [+] 成功获取硬件控制权，ROG FALCHION ACE HFX 驱动通道已就绪！
[2026-08-29 14:25:33.767] [INFO ] 正在尝试挂载华硕底层驱动 AacKbHal_x64.dll (CLSID_ClaymoreHal)...
[2026-08-29 14:25:35.455] [INFO ] HAL Access() 调用完成，返回值: -1174156864
[2026-08-29 14:25:36.906] [INFO ] CreateLedDevice 执行完成，检测到设备数量: 1
[2026-08-29 14:25:36.906] [INFO ] [+] 成功获取硬件控制权，ROG FALCHION ACE HFX 驱动通道已就绪！
[2026-08-29 14:25:37.062] [INFO ] 正在尝试挂载华硕底层驱动 AacKbHal_x64.dll (CLSID_ClaymoreHal)...
[2026-08-29 14:25:38.682] [INFO ] HAL Access() 调用完成，返回值: -1174159744
[2026-08-29 14:25:40.042] [INFO ] CreateLedDevice 执行完成，检测到设备数量: 1
[2026-08-29 14:25:40.042] [INFO ] [+] 成功获取硬件控制权，ROG FALCHION ACE HFX 驱动通道已就绪！
[2026-08-29 14:25:40.196] [INFO ] 正在尝试挂载华硕底层驱动 AacKbHal_x64.dll (CLSID_ClaymoreHal)...
[2026-08-29 14:25:41.816] [INFO ] HAL Access() 调用完成，返回值: -1174156960
[2026-08-29 14:25:43.187] [INFO ] CreateLedDevice 执行完成，检测到设备数量: 1
[2026-08-29 14:25:43.187] [INFO ] [+] 成功获取硬件控制权，ROG FALCHION ACE HFX 驱动通道已就绪！
[2026-08-29 14:25:43.343] [INFO ] 正在尝试挂载华硕底层驱动 AacKbHal_x64.dll (CLSID_ClaymoreHal)...
[2026-08-29 14:25:44.961] [INFO ] HAL Access() 调用完成，返回值: -1183396976
[2026-08-29 14:25:46.335] [INFO ] CreateLedDevice 执行完成，检测到设备数量: 1
[2026-08-29 14:25:46.335] [INFO ] [+] 成功获取硬件控制权，ROG FALCHION ACE HFX 驱动通道已就绪！
[2026-08-29 14:25:46.335] [INFO ] [Cycle 100/100] 成功! 耗时: 2992039 us, WorkingSet: 48.57 MB, PrivateBytes: 44.30 MB
[2026-08-29 14:25:46.494] [INFO ] ==========================================================
[2026-08-29 14:25:46.494] [INFO ] 压测完成结果: 成功 100 次, 失败 0 次
[2026-08-29 14:25:46.494] [INFO ] 最终内存占用 - WorkingSet: 48.57 MB, PrivateBytes: 44.30 MB
[2026-08-29 14:25:46.494] [INFO ] ==========================================================
[2026-08-29 14:25:46.494] [INFO ] [+] AuraAdapter 已安全关闭并释放所有 COM 资源
[2026-08-29 14:25:50.972] [INFO ] ROG FALCHION ACE HFX 守护进程正在启动...
[2026-08-29 14:25:50.974] [INFO ] 成功加载权威键位映射表: calibrated_keymap.json (共 68 个键位)
[2026-08-29 14:25:50.974] [INFO ] 成功加载配置文件: config.json (默认方案: desktop, 规则数: 5, Profile数: 6)
[2026-08-29 14:25:50.974] [INFO ] [+] ROG FALCHION ACE HFX 守护进程正在运行中 (按 Ctrl+C 优雅退出)...
[2026-08-29 14:25:50.975] [INFO ] 硬件专属推流线程已启动 (COM 完全封闭)
[2026-08-29 14:25:50.975] [INFO ] [Dry-Run] AuraAdapter 初始化完成 (虚拟硬件模式，不挂载实际 DLL)
[2026-08-29 14:25:50.975] [INFO ] 前台窗口监控线程启动成功 (事件驱动模式，无轮询)
[2026-08-29 14:26:50.981] [INFO ] [Dry-Run] [推流稳定性报告 第 1 分钟] 累计帧数: 1501, 瞬时FPS: 25.01, 平均FPS: 25.01, 物理内存WorkingSet: 7.59 MB, 提交内存PrivateBytes: 1.22 MB
[2026-08-29 14:27:27.481] [INFO ] ROG FALCHION ACE HFX 守护进程正在启动...
[2026-08-29 14:27:27.482] [WARN ] 【异常退出兜底】检测到上一次进程未正常退出（存在残留标记文件 .daemon_running），将在连接后执行强制复位！
[2026-08-29 14:27:27.482] [INFO ] 成功加载权威键位映射表: calibrated_keymap.json (共 68 个键位)
[2026-08-29 14:27:27.483] [INFO ] 成功加载配置文件: config.json (默认方案: desktop, 规则数: 5, Profile数: 6)
[2026-08-29 14:27:27.483] [INFO ] [+] ROG FALCHION ACE HFX 守护进程正在运行中 (按 Ctrl+C 优雅退出)...
[2026-08-29 14:27:27.483] [INFO ] 硬件专属推流线程已启动 (COM 完全封闭)
[2026-08-29 14:27:27.483] [INFO ] 前台窗口监控线程启动成功 (事件驱动模式，无轮询)
[2026-08-29 14:27:27.483] [INFO ] [Dry-Run] AuraAdapter 初始化完成 (虚拟硬件模式，不挂载实际 DLL)
[2026-08-29 14:27:27.484] [INFO ] 正在执行硬件状态强制复位...
[2026-08-29 14:27:27.484] [INFO ] [Dry-Run] 强制复位完成 (全黑底色)
[2026-08-29 14:28:32.988] [INFO ] ROG FALCHION ACE HFX 守护进程正在启动...
[2026-08-29 14:28:32.989] [WARN ] 【异常退出兜底】检测到上一次进程未正常退出（存在残留标记文件 .daemon_running），将在连接后执行强制复位！
[2026-08-29 14:28:32.990] [INFO ] 成功加载权威键位映射表: calibrated_keymap.json (共 68 个键位)
[2026-08-29 14:28:32.990] [INFO ] 成功加载配置文件: config.json (默认方案: desktop, 规则数: 5, Profile数: 6)
[2026-08-29 14:28:32.990] [INFO ] [+] ROG FALCHION ACE HFX 守护进程正在运行中 (按 Ctrl+C 优雅退出)...
[2026-08-29 14:28:32.990] [INFO ] 硬件专属推流线程已启动 (COM 完全封闭)
[2026-08-29 14:28:32.990] [INFO ] [Dry-Run] AuraAdapter 初始化完成 (虚拟硬件模式，不挂载实际 DLL)
[2026-08-29 14:28:32.990] [INFO ] 正在执行硬件状态强制复位...
[2026-08-29 14:28:32.990] [INFO ] [Dry-Run] 强制复位完成 (全黑底色)
[2026-08-29 14:28:32.990] [INFO ] 前台窗口监控线程启动成功 (事件驱动模式，无轮询)
[2026-08-29 14:28:32.991] [INFO ] [Dry-Run 效果帧 #1] 活跃通道数: 128/128 | 典型通道色彩: ID 0->RGB(0,80,200) ID 1->RGB(0,80,200) ID 2->RGB(0,80,200) ID 3->RGB(0,80,200) 
[2026-08-29 14:28:32.991] [INFO ] 前台窗口切换 -> 进程: [桌面/未知] => 匹配灯效方案: [desktop]
[2026-08-29 14:28:41.925] [INFO ] ROG FALCHION ACE HFX 守护进程正在启动...
[2026-08-29 14:28:41.926] [WARN ] 【异常退出兜底】检测到上一次进程未正常退出（存在残留标记文件 .daemon_running），将在连接后执行强制复位！
[2026-08-29 14:28:41.927] [INFO ] 成功加载权威键位映射表: calibrated_keymap.json (共 68 个键位)
[2026-08-29 14:28:41.927] [INFO ] 成功加载配置文件: config.json (默认方案: desktop, 规则数: 5, Profile数: 6)
[2026-08-29 14:28:41.928] [INFO ] [+] ROG FALCHION ACE HFX 守护进程正在运行中 (按 Ctrl+C 优雅退出)...
[2026-08-29 14:28:41.929] [INFO ] 前台窗口监控线程启动成功 (事件驱动模式，无轮询)
[2026-08-29 14:28:41.929] [INFO ] 前台窗口切换 -> 进程: [桌面/未知] => 匹配灯效方案: [desktop]
[2026-08-29 14:28:41.931] [INFO ] 硬件专属推流线程已启动 (COM 完全封闭)
[2026-08-29 14:28:41.931] [INFO ] [Dry-Run] AuraAdapter 初始化完成 (虚拟硬件模式，不挂载实际 DLL)
[2026-08-29 14:28:41.931] [INFO ] 正在执行硬件状态强制复位...
[2026-08-29 14:28:41.931] [INFO ] [Dry-Run] 强制复位完成 (全黑底色)
[2026-08-29 14:28:41.931] [INFO ] [Dry-Run 效果帧 #1] 活跃通道数: 128/128 | 典型通道色彩: ID 0->RGB(0,79,199) ID 1->RGB(0,79,199) ID 2->RGB(0,79,199) ID 3->RGB(0,79,199) 
[2026-08-29 14:28:42.933] [INFO ] [Dry-Run 效果帧 #26] 活跃通道数: 128/128 | 典型通道色彩: ID 0->RGB(0,36,101) ID 1->RGB(0,36,101) ID 2->RGB(0,36,101) ID 3->RGB(0,36,101) 
[2026-08-29 14:28:43.406] [INFO ] 前台窗口切换 -> 进程: [Notepad.exe] => 匹配灯效方案: [office]
[2026-08-29 14:28:43.937] [INFO ] [Dry-Run 效果帧 #51] 活跃通道数: 128/128 | 典型通道色彩: ID 0->RGB(40,40,40) ID 1->RGB(40,40,40) ID 2->RGB(40,40,40) ID 3->RGB(40,40,40) 
[2026-08-29 14:28:44.938] [INFO ] [Dry-Run 效果帧 #76] 活跃通道数: 128/128 | 典型通道色彩: ID 0->RGB(40,40,40) ID 1->RGB(40,40,40) ID 2->RGB(40,40,40) ID 3->RGB(40,40,40) 
[2026-08-29 14:28:45.935] [INFO ] [Dry-Run 效果帧 #101] 活跃通道数: 128/128 | 典型通道色彩: ID 0->RGB(40,40,40) ID 1->RGB(40,40,40) ID 2->RGB(40,40,40) ID 3->RGB(40,40,40) 
[2026-08-29 14:28:46.933] [INFO ] [Dry-Run 效果帧 #126] 活跃通道数: 128/128 | 典型通道色彩: ID 0->RGB(40,40,40) ID 1->RGB(40,40,40) ID 2->RGB(40,40,40) ID 3->RGB(40,40,40) 
[2026-08-29 14:28:47.933] [INFO ] [Dry-Run 效果帧 #151] 活跃通道数: 128/128 | 典型通道色彩: ID 0->RGB(40,40,40) ID 1->RGB(40,40,40) ID 2->RGB(40,40,40) ID 3->RGB(40,40,40) 
[2026-08-29 14:28:53.135] [INFO ] ROG FALCHION ACE HFX 守护进程正在启动...
[2026-08-29 14:28:53.136] [WARN ] 【异常退出兜底】检测到上一次进程未正常退出（存在残留标记文件 .daemon_running），将在连接后执行强制复位！
[2026-08-29 14:28:53.137] [INFO ] 成功加载权威键位映射表: calibrated_keymap.json (共 68 个键位)
[2026-08-29 14:28:53.137] [INFO ] 成功加载配置文件: config.json (默认方案: desktop, 规则数: 5, Profile数: 6)
[2026-08-29 14:28:53.137] [INFO ] [+] ROG FALCHION ACE HFX 守护进程正在运行中 (按 Ctrl+C 优雅退出)...
[2026-08-29 14:28:53.138] [INFO ] 硬件专属推流线程已启动 (COM 完全封闭)
[2026-08-29 14:28:53.138] [INFO ] 正在尝试挂载华硕底层驱动 AacKbHal_x64.dll (CLSID_ClaymoreHal)...
[2026-08-29 14:28:53.138] [INFO ] 前台窗口监控线程启动成功 (事件驱动模式，无轮询)
[2026-08-29 14:28:53.138] [INFO ] 前台窗口切换 -> 进程: [桌面/未知] => 匹配灯效方案: [desktop]
[2026-08-29 14:28:54.737] [INFO ] HAL Access() 调用完成，返回值: -655367408
[2026-08-29 14:28:56.126] [INFO ] CreateLedDevice 执行完成，检测到设备数量: 1
[2026-08-29 14:28:56.126] [INFO ] [+] 成功获取硬件控制权，ROG FALCHION ACE HFX 驱动通道已就绪！
[2026-08-29 14:28:56.126] [INFO ] 正在执行硬件状态强制复位...
[2026-08-29 14:28:56.237] [WARN ] Set_L_STD_SINGLE_XY 连续推流失败 (3 次，结果码: 8)，判定硬件连接断开
[2026-08-29 14:28:56.421] [INFO ] [+] 硬件强制复位完成，残余光效已清理
[2026-08-29 14:28:57.904] [INFO ] 正在尝试重新连接 ROG FALCHION ACE HFX 硬件...
[2026-08-29 14:28:57.904] [INFO ] 正在尝试挂载华硕底层驱动 AacKbHal_x64.dll (CLSID_ClaymoreHal)...
[2026-08-29 14:28:59.525] [INFO ] HAL Access() 调用完成，返回值: -655369232
[2026-08-29 14:29:00.899] [INFO ] CreateLedDevice 执行完成，检测到设备数量: 1
[2026-08-29 14:29:00.899] [INFO ] [+] 成功获取硬件控制权，ROG FALCHION ACE HFX 驱动通道已就绪！
[2026-08-29 14:29:01.010] [WARN ] Set_L_STD_SINGLE_XY 连续推流失败 (3 次，结果码: 8)，判定硬件连接断开
[2026-08-29 14:29:02.692] [INFO ] 正在尝试重新连接 ROG FALCHION ACE HFX 硬件...
[2026-08-29 14:29:02.692] [INFO ] 正在尝试挂载华硕底层驱动 AacKbHal_x64.dll (CLSID_ClaymoreHal)...
[2026-08-29 14:29:04.347] [INFO ] HAL Access() 调用完成，返回值: -655370768
[2026-08-29 14:29:05.812] [INFO ] CreateLedDevice 执行完成，检测到设备数量: 1
[2026-08-29 14:29:05.812] [INFO ] [+] 成功获取硬件控制权，ROG FALCHION ACE HFX 驱动通道已就绪！
[2026-08-29 14:29:05.924] [WARN ] Set_L_STD_SINGLE_XY 连续推流失败 (3 次，结果码: 8)，判定硬件连接断开
[2026-08-29 14:29:07.602] [INFO ] 正在尝试重新连接 ROG FALCHION ACE HFX 硬件...
[2026-08-29 14:29:07.602] [INFO ] 正在尝试挂载华硕底层驱动 AacKbHal_x64.dll (CLSID_ClaymoreHal)...
[2026-08-29 14:29:09.223] [INFO ] HAL Access() 调用完成，返回值: -655370768
[2026-08-29 14:29:10.596] [INFO ] CreateLedDevice 执行完成，检测到设备数量: 1
[2026-08-29 14:29:10.596] [INFO ] [+] 成功获取硬件控制权，ROG FALCHION ACE HFX 驱动通道已就绪！
[2026-08-29 14:29:10.708] [WARN ] Set_L_STD_SINGLE_XY 连续推流失败 (3 次，结果码: 8)，判定硬件连接断开
[2026-08-29 14:29:12.393] [INFO ] 正在尝试重新连接 ROG FALCHION ACE HFX 硬件...
[2026-08-29 14:29:12.393] [INFO ] 正在尝试挂载华硕底层驱动 AacKbHal_x64.dll (CLSID_ClaymoreHal)...
[2026-08-29 14:29:14.006] [INFO ] HAL Access() 调用完成，返回值: -627396352
[2026-08-29 14:29:15.395] [INFO ] CreateLedDevice 执行完成，检测到设备数量: 1
[2026-08-29 14:29:15.395] [INFO ] [+] 成功获取硬件控制权，ROG FALCHION ACE HFX 驱动通道已就绪！
[2026-08-29 14:29:15.507] [WARN ] Set_L_STD_SINGLE_XY 连续推流失败 (3 次，结果码: 8)，判定硬件连接断开
[2026-08-29 14:29:17.193] [INFO ] 正在尝试重新连接 ROG FALCHION ACE HFX 硬件...
[2026-08-29 14:29:17.193] [INFO ] 正在尝试挂载华硕底层驱动 AacKbHal_x64.dll (CLSID_ClaymoreHal)...
[2026-08-29 14:29:18.879] [INFO ] HAL Access() 调用完成，返回值: -627393568
[2026-08-29 14:29:57.407] [INFO ] ROG FALCHION ACE HFX 守护进程正在启动...
[2026-08-29 14:29:57.408] [WARN ] 【异常退出兜底】检测到上一次进程未正常退出（存在残留标记文件 .daemon_running），将在连接后执行强制复位！
[2026-08-29 14:29:57.409] [INFO ] 成功加载权威键位映射表: calibrated_keymap.json (共 68 个键位)
[2026-08-29 14:29:57.409] [INFO ] 成功加载配置文件: config.json (默认方案: desktop, 规则数: 5, Profile数: 6)
[2026-08-29 14:29:57.409] [INFO ] [+] ROG FALCHION ACE HFX 守护进程正在运行中 (按 Ctrl+C 优雅退出)...
[2026-08-29 14:29:57.409] [INFO ] 硬件专属推流线程已启动 (COM 完全封闭)
[2026-08-29 14:29:57.409] [INFO ] 正在尝试挂载华硕底层驱动 AacKbHal_x64.dll (CLSID_ClaymoreHal)...
[2026-08-29 14:29:57.409] [INFO ] 前台窗口监控线程启动成功 (事件驱动模式，无轮询)
[2026-08-29 14:29:57.409] [INFO ] 前台窗口切换 -> 进程: [桌面/未知] => 匹配灯效方案: [desktop]
[2026-08-29 14:29:59.036] [INFO ] HAL Access() 调用完成，返回值: 200879792
[2026-08-29 14:30:00.454] [INFO ] CreateLedDevice 执行完成，检测到设备数量: 1
[2026-08-29 14:30:00.454] [INFO ] [+] 成功获取硬件控制权，ROG FALCHION ACE HFX 驱动通道已就绪！
[2026-08-29 14:30:00.454] [INFO ] 正在执行硬件状态强制复位...
[2026-08-29 14:30:00.767] [INFO ] [+] 硬件强制复位完成，残余光效已清理
[2026-08-29 14:31:00.793] [INFO ] [Hardware] [推流稳定性报告 第 1 分钟] 累计帧数: 1501, 瞬时FPS: 25.00, 平均FPS: 25.01, 物理内存WorkingSet: 13.07 MB, 提交内存PrivateBytes: 3.16 MB
[2026-08-29 14:31:00.793] [INFO ] 【稳定性验收达成】已完成预设的 1.000000 分钟持续推流测试！正在退出测试循环...
[2026-08-29 14:31:00.793] [INFO ] 推流线程正在安全关闭 Aura 硬件连接...
[2026-08-29 14:31:00.963] [INFO ] [+] AuraAdapter 已安全关闭并释放所有 COM 资源
[2026-08-29 14:31:00.963] [INFO ] [+] AuraAdapter 已安全关闭并释放所有 COM 资源
[2026-08-29 14:31:01.088] [INFO ] 正在停止前台监控线程...
[2026-08-29 14:31:01.088] [INFO ] 前台窗口监控线程安全退出
[2026-08-29 14:31:01.089] [INFO ] [+] 运行状态标记已清除 (.daemon_running 已删除)
[2026-08-29 14:31:01.089] [INFO ] [+] 守护进程已优雅退出，所有资源已安全释放。
[2026-08-29 14:31:04.662] [INFO ] ROG FALCHION ACE HFX 守护进程正在启动...
[2026-08-29 14:31:04.664] [INFO ] 成功加载权威键位映射表: calibrated_keymap.json (共 68 个键位)
[2026-08-29 14:31:04.664] [INFO ] 成功加载配置文件: config.json (默认方案: desktop, 规则数: 5, Profile数: 6)
[2026-08-29 14:31:04.664] [INFO ] [+] ROG FALCHION ACE HFX 守护进程正在运行中 (按 Ctrl+C 优雅退出)...
[2026-08-29 14:31:04.665] [INFO ] 硬件专属推流线程已启动 (COM 完全封闭)
[2026-08-29 14:31:04.665] [INFO ] 正在尝试挂载华硕底层驱动 AacKbHal_x64.dll (CLSID_ClaymoreHal)...
[2026-08-29 14:31:04.665] [INFO ] 前台窗口监控线程启动成功 (事件驱动模式，无轮询)
[2026-08-29 14:31:04.665] [INFO ] 前台窗口切换 -> 进程: [桌面/未知] => 匹配灯效方案: [desktop]
[2026-08-29 14:37:52.941] [INFO ] ROG FALCHION ACE HFX 守护进程正在启动...
[2026-08-29 14:37:52.942] [WARN ] 【异常退出兜底】检测到上一次进程未正常退出（存在残留标记文件 .daemon_running），将在连接后执行强制复位！
[2026-08-29 14:37:52.943] [INFO ] 成功加载权威键位映射表: calibrated_keymap.json (共 68 个键位)
[2026-08-29 14:37:52.943] [INFO ] 成功加载配置文件: config.json (默认方案: desktop, 规则数: 5, Profile数: 6)
[2026-08-29 14:37:52.943] [INFO ] 硬件专属推流线程已启动 (COM 完全封闭)
[2026-08-29 14:37:52.943] [INFO ] 正在尝试挂载华硕底层驱动 AacKbHal_x64.dll (CLSID_ClaymoreHal)...
[2026-08-29 14:38:13.432] [INFO ] ROG FALCHION ACE HFX 守护进程正在启动...
[2026-08-29 14:38:13.433] [WARN ] 【异常退出兜底】检测到上一次进程未正常退出（存在残留标记文件 .daemon_running），将在连接后执行强制复位！
[2026-08-29 14:38:13.433] [INFO ] 成功加载权威键位映射表: calibrated_keymap.json (共 68 个键位)
[2026-08-29 14:38:13.434] [INFO ] 成功加载配置文件: config.json (默认方案: desktop, 规则数: 5, Profile数: 6)
[2026-08-29 14:38:13.434] [INFO ] 硬件专属推流线程已启动 (COM 完全封闭)
[2026-08-29 14:38:13.434] [INFO ] 正在尝试挂载华硕底层驱动 AacKbHal_x64.dll (CLSID_ClaymoreHal)...
[2026-08-29 14:38:13.434] [INFO ] [Connect Step 1] SetDllDirectoryW...
[2026-08-29 14:38:13.434] [INFO ] [Connect Step 2] LoadLibraryW...
[2026-08-29 14:38:13.439] [INFO ] [Connect Step 3] GetProcAddress DllGetClassObject...
[2026-08-29 14:38:13.439] [INFO ] [Connect Step 4] Calling DllGetClassObject...
[2026-08-29 14:38:13.596] [INFO ] [Connect Step 5] Calling CreateInstance...
[2026-08-29 14:38:15.058] [INFO ] [Connect Step 6] Calling SafeAccess...
[2026-08-29 14:38:15.059] [INFO ] HAL Access() 调用完成，返回值: 1713711888
[2026-08-29 14:38:16.426] [INFO ] CreateLedDevice 执行完成，检测到设备数量: 1
[2026-08-29 14:38:16.426] [INFO ] [+] 成功获取硬件控制权，ROG FALCHION ACE HFX 驱动通道已就绪！
[2026-08-29 14:38:16.426] [INFO ] 正在执行硬件状态强制复位...
[2026-08-29 14:38:16.441] [INFO ] [+] ROG FALCHION ACE HFX 守护进程正在运行中 (按 Ctrl+C 优雅退出)...
[2026-08-29 14:38:16.442] [INFO ] 前台窗口监控线程启动成功 (事件驱动模式，无轮询)
[2026-08-29 14:38:16.442] [INFO ] 前台窗口切换 -> 进程: [桌面/未知] => 匹配灯效方案: [desktop]
[2026-08-29 14:38:16.738] [INFO ] [+] 硬件强制复位完成，残余光效已清理
[2026-08-29 14:39:16.760] [INFO ] [Hardware] [推流稳定性报告 第 1 分钟] 累计帧数: 1501, 瞬时FPS: 25.00, 平均FPS: 25.01, 物理内存WorkingSet: 13.11 MB, 提交内存PrivateBytes: 3.42 MB
[2026-08-29 14:39:16.760] [INFO ] 【稳定性验收达成】已完成预设的 1.000000 分钟持续推流测试！正在退出测试循环...
[2026-08-29 14:39:16.760] [INFO ] 推流线程正在安全关闭 Aura 硬件连接...
[2026-08-29 14:39:16.930] [INFO ] [+] AuraAdapter 已安全关闭并释放所有 COM 资源
[2026-08-29 14:39:16.930] [INFO ] [+] AuraAdapter 已安全关闭并释放所有 COM 资源
[2026-08-29 14:39:17.008] [INFO ] 正在停止前台监控线程...
[2026-08-29 14:39:17.009] [INFO ] 前台窗口监控线程安全退出
[2026-08-29 14:39:17.009] [INFO ] [+] 运行状态标记已清除 (.daemon_running 已删除)
[2026-08-29 14:39:17.009] [INFO ] [+] 守护进程已优雅退出，所有资源已安全释放。
[2026-08-29 14:39:20.346] [INFO ] ROG FALCHION ACE HFX 守护进程正在启动...
[2026-08-29 14:39:20.348] [INFO ] 成功加载权威键位映射表: calibrated_keymap.json (共 68 个键位)
[2026-08-29 14:39:20.348] [INFO ] 成功加载配置文件: config.json (默认方案: desktop, 规则数: 5, Profile数: 6)
[2026-08-29 14:39:20.349] [INFO ] 硬件专属推流线程已启动 (COM 完全封闭)
[2026-08-29 14:39:20.349] [INFO ] 正在尝试挂载华硕底层驱动 AacKbHal_x64.dll (CLSID_ClaymoreHal)...
[2026-08-29 14:39:20.349] [INFO ] [Connect Step 1] SetDllDirectoryW...
[2026-08-29 14:39:20.349] [INFO ] [Connect Step 2] LoadLibraryW...
[2026-08-29 14:39:20.353] [INFO ] [Connect Step 3] GetProcAddress DllGetClassObject...
[2026-08-29 14:39:20.353] [INFO ] [Connect Step 4] Calling DllGetClassObject...
[2026-08-29 14:45:13.594] [INFO ] ROG FALCHION ACE HFX 守护进程正在启动...
[2026-08-29 14:45:13.595] [WARN ] 【异常退出兜底】检测到上一次进程未正常退出（存在残留标记文件 .daemon_running），将在连接后执行强制复位！
[2026-08-29 14:45:13.596] [INFO ] 成功加载权威键位映射表: calibrated_keymap.json (共 68 个键位)
[2026-08-29 14:45:13.596] [INFO ] 成功加载配置文件: config.json (默认方案: desktop, 规则数: 5, Profile数: 6)
[2026-08-29 14:45:13.597] [INFO ] 硬件专属推流线程已启动 (COM 完全封闭)
[2026-08-29 14:45:13.597] [INFO ] 正在等待华硕底层驱动通道就绪 (3 秒)...
[2026-08-29 14:45:16.605] [INFO ] 正在尝试挂载华硕底层驱动 AacKbHal_x64.dll (CLSID_ClaymoreHal)...
[2026-08-29 14:45:16.605] [INFO ] [Connect Step 1] SetDllDirectoryW...
[2026-08-29 14:45:16.605] [INFO ] [Connect Step 2] LoadLibraryW...
[2026-08-29 14:45:16.609] [INFO ] [Connect Step 3] GetProcAddress DllGetClassObject...
[2026-08-29 14:45:16.609] [INFO ] [Connect Step 4] Calling DllGetClassObject...
[2026-08-29 14:52:00.094] [WARN ] 【异常退出兜底】检测到上一次进程未正常退出（存在残留标记文件 .daemon_running），将在连接后执行强制复位！
[2026-08-29 14:52:00.096] [INFO ] 成功加载权威键位映射表: calibrated_keymap.json (共 68 个键位)
[2026-08-29 14:52:00.096] [INFO ] 成功加载配置文件: config.json (默认方案: desktop, 规则数: 5, Profile数: 6)
[2026-08-29 14:52:00.096] [INFO ] 硬件专属推流线程已启动 (COM 完全封闭)
[2026-08-29 14:52:00.096] [INFO ] 正在等待华硕底层驱动通道就绪 (3 秒)...
[2026-08-29 14:52:03.101] [INFO ] 正在尝试挂载华硕底层驱动 AacKbHal_x64.dll (CLSID_ClaymoreHal)...
[2026-08-29 14:52:03.101] [INFO ] [Connect Step 3] GetProcAddress DllGetClassObject...
[2026-08-29 14:52:03.101] [INFO ] [Connect Step 4] Calling DllGetClassObject...
[2026-08-29 14:52:36.108] [WARN ] 【异常退出兜底】检测到上一次进程未正常退出（存在残留标记文件 .daemon_running），将在连接后执行强制复位！
[2026-08-29 14:52:36.109] [INFO ] 成功加载权威键位映射表: calibrated_keymap.json (共 68 个键位)
[2026-08-29 14:52:36.110] [INFO ] 成功加载配置文件: config.json (默认方案: desktop, 规则数: 5, Profile数: 6)
[2026-08-29 14:52:36.110] [INFO ] 正在尝试挂载华硕底层驱动 AacKbHal_x64.dll (CLSID_ClaymoreHal)...
[2026-08-29 14:52:36.110] [INFO ] [Connect Step 3] GetProcAddress DllGetClassObject...
[2026-08-29 14:52:36.110] [INFO ] [Connect Step 4] Calling DllGetClassObject...
[2026-08-29 14:52:36.261] [INFO ] [Connect Step 5] Calling CreateInstance...
[2026-08-29 14:52:37.772] [INFO ] [Connect Step 6] Calling SafeAccess...
[2026-08-29 14:52:37.773] [INFO ] HAL Access() 调用完成，返回值: -1945938432
[2026-08-29 14:52:39.208] [INFO ] CreateLedDevice 执行完成，检测到设备数量: 1
[2026-08-29 14:52:39.208] [INFO ] [+] 成功获取硬件控制权，ROG FALCHION ACE HFX 驱动通道已就绪！
[2026-08-29 14:52:39.208] [INFO ] 正在执行硬件状态强制复位...
[2026-08-29 14:52:39.518] [INFO ] [+] 硬件强制复位完成，残余光效已清理
[2026-08-29 14:52:39.518] [INFO ] [+] ROG FALCHION ACE HFX 守护进程正在运行中 (按 Ctrl+C 优雅退出)...
[2026-08-29 14:52:39.519] [INFO ] 前台窗口监控线程启动成功 (事件驱动模式，无轮询)
[2026-08-29 14:52:39.519] [INFO ] 前台窗口切换 -> 进程: [桌面/未知] => 匹配灯效方案: [desktop]
[2026-08-29 14:53:39.547] [INFO ] [Hardware] [推流稳定性报告 第 1 分钟] 累计帧数: 1501, 瞬时FPS: 25.00, 平均FPS: 25.01, 物理内存WorkingSet: 13.11 MB, 提交内存PrivateBytes: 3.31 MB
[2026-08-29 14:53:39.547] [INFO ] 【稳定性验收达成】已完成预设的 1.000000 分钟持续推流测试！正在退出测试循环...
[2026-08-29 14:53:39.547] [INFO ] 正在停止前台监控线程...
[2026-08-29 14:53:39.547] [INFO ] 前台窗口监控线程安全退出
[2026-08-29 14:53:39.547] [INFO ] 正在安全关闭 Aura 硬件连接...
[2026-08-29 14:53:39.717] [INFO ] [+] AuraAdapter 已安全关闭并释放所有 COM 资源
[2026-08-29 14:53:39.717] [INFO ] [+] 运行状态标记已清除 (.daemon_running 已删除)
[2026-08-29 14:53:39.717] [INFO ] [+] 守护进程已优雅退出，所有资源已安全释放。
[2026-08-29 14:53:39.717] [INFO ] [+] AuraAdapter 已安全关闭并释放所有 COM 资源
[2026-08-29 14:53:57.266] [INFO ] 成功加载权威键位映射表: calibrated_keymap.json (共 68 个键位)
[2026-08-29 14:53:57.267] [INFO ] 成功加载配置文件: config.json (默认方案: desktop, 规则数: 5, Profile数: 6)
[2026-08-29 14:53:57.267] [INFO ] 正在尝试挂载华硕底层驱动 AacKbHal_x64.dll (CLSID_ClaymoreHal)...
[2026-08-29 14:53:57.267] [INFO ] [Connect Step 3] GetProcAddress DllGetClassObject...
[2026-08-29 14:53:57.267] [INFO ] [Connect Step 4] Calling DllGetClassObject...
[2026-08-29 14:53:57.423] [INFO ] [Connect Step 5] Calling CreateInstance...
[2026-08-29 14:53:58.887] [INFO ] [Connect Step 6] Calling SafeAccess...
[2026-08-29 14:53:58.887] [INFO ] HAL Access() 调用完成，返回值: -1504185024
[2026-08-29 14:54:00.349] [INFO ] CreateLedDevice 执行完成，检测到设备数量: 1
[2026-08-29 14:54:00.349] [INFO ] [+] 成功获取硬件控制权，ROG FALCHION ACE HFX 驱动通道已就绪！
[2026-08-29 14:54:00.349] [INFO ] [+] ROG FALCHION ACE HFX 守护进程正在运行中 (按 Ctrl+C 优雅退出)...
[2026-08-29 14:54:00.350] [INFO ] 前台窗口监控线程启动成功 (事件驱动模式，无轮询)
[2026-08-29 14:54:00.350] [INFO ] 前台窗口切换 -> 进程: [桌面/未知] => 匹配灯效方案: [desktop]
[2026-08-29 14:54:10.329] [INFO ] 检测到配置文件已修改，正在执行热重载...
[2026-08-29 14:54:10.329] [INFO ] 成功加载配置文件: config.json (默认方案: desktop, 规则数: 5, Profile数: 6)
[2026-08-29 14:54:10.329] [INFO ] 配置热重载生效，当前活跃方案更新为: [desktop]
[2026-08-29 14:55:00.371] [INFO ] [Hardware] [推流稳定性报告 第 1 分钟] 累计帧数: 1501, 瞬时FPS: 25.00, 平均FPS: 25.01, 物理内存WorkingSet: 13.13 MB, 提交内存PrivateBytes: 3.42 MB
[2026-08-29 14:56:00.383] [INFO ] [Hardware] [推流稳定性报告 第 2 分钟] 累计帧数: 3001, 瞬时FPS: 24.99, 平均FPS: 25.00, 物理内存WorkingSet: 13.17 MB, 提交内存PrivateBytes: 3.42 MB
[2026-08-29 14:57:00.416] [INFO ] [Hardware] [推流稳定性报告 第 3 分钟] 累计帧数: 4501, 瞬时FPS: 24.98, 平均FPS: 25.00, 物理内存WorkingSet: 13.17 MB, 提交内存PrivateBytes: 3.42 MB
[2026-08-29 14:58:00.419] [INFO ] [Hardware] [推流稳定性报告 第 4 分钟] 累计帧数: 6001, 瞬时FPS: 24.99, 平均FPS: 25.00, 物理内存WorkingSet: 13.18 MB, 提交内存PrivateBytes: 3.42 MB
[2026-08-29 14:59:00.454] [INFO ] [Hardware] [推流稳定性报告 第 5 分钟] 累计帧数: 7502, 瞬时FPS: 25.00, 平均FPS: 25.00, 物理内存WorkingSet: 13.35 MB, 提交内存PrivateBytes: 3.49 MB
[2026-08-29 15:00:00.494] [INFO ] [Hardware] [推流稳定性报告 第 6 分钟] 累计帧数: 9003, 瞬时FPS: 25.00, 平均FPS: 25.00, 物理内存WorkingSet: 13.35 MB, 提交内存PrivateBytes: 3.49 MB
[2026-08-29 15:01:00.538] [INFO ] [Hardware] [推流稳定性报告 第 7 分钟] 累计帧数: 10504, 瞬时FPS: 24.99, 平均FPS: 25.00, 物理内存WorkingSet: 13.31 MB, 提交内存PrivateBytes: 3.43 MB
[2026-08-29 15:02:00.538] [INFO ] [Hardware] [推流稳定性报告 第 8 分钟] 累计帧数: 12004, 瞬时FPS: 25.00, 平均FPS: 25.00, 物理内存WorkingSet: 13.31 MB, 提交内存PrivateBytes: 3.43 MB
[2026-08-29 15:03:00.569] [INFO ] [Hardware] [推流稳定性报告 第 9 分钟] 累计帧数: 13505, 瞬时FPS: 25.00, 平均FPS: 25.00, 物理内存WorkingSet: 13.31 MB, 提交内存PrivateBytes: 3.43 MB
[2026-08-29 15:04:00.615] [INFO ] [Hardware] [推流稳定性报告 第 10 分钟] 累计帧数: 15006, 瞬时FPS: 24.99, 平均FPS: 25.01, 物理内存WorkingSet: 13.36 MB, 提交内存PrivateBytes: 3.49 MB
[2026-08-29 15:05:00.617] [INFO ] [Hardware] [推流稳定性报告 第 11 分钟] 累计帧数: 16506, 瞬时FPS: 24.99, 平均FPS: 25.00, 物理内存WorkingSet: 13.36 MB, 提交内存PrivateBytes: 3.49 MB
[2026-08-29 15:06:00.662] [INFO ] [Hardware] [推流稳定性报告 第 12 分钟] 累计帧数: 18007, 瞬时FPS: 24.99, 平均FPS: 25.00, 物理内存WorkingSet: 13.32 MB, 提交内存PrivateBytes: 3.43 MB
[2026-08-29 15:07:00.707] [INFO ] [Hardware] [推流稳定性报告 第 13 分钟] 累计帧数: 19508, 瞬时FPS: 24.99, 平均FPS: 25.01, 物理内存WorkingSet: 13.32 MB, 提交内存PrivateBytes: 3.43 MB
[2026-08-29 15:08:00.734] [INFO ] [Hardware] [推流稳定性报告 第 14 分钟] 累计帧数: 21009, 瞬时FPS: 25.00, 平均FPS: 25.01, 物理内存WorkingSet: 13.32 MB, 提交内存PrivateBytes: 3.43 MB
[2026-08-29 15:09:00.748] [INFO ] [Hardware] [推流稳定性报告 第 15 分钟] 累计帧数: 22509, 瞬时FPS: 24.99, 平均FPS: 25.01, 物理内存WorkingSet: 13.32 MB, 提交内存PrivateBytes: 3.43 MB
[2026-08-29 15:10:00.786] [INFO ] [Hardware] [推流稳定性报告 第 16 分钟] 累计帧数: 24010, 瞬时FPS: 25.00, 平均FPS: 25.01, 物理内存WorkingSet: 13.32 MB, 提交内存PrivateBytes: 3.43 MB
[2026-08-29 15:11:00.817] [INFO ] [Hardware] [推流稳定性报告 第 17 分钟] 累计帧数: 25511, 瞬时FPS: 25.00, 平均FPS: 25.01, 物理内存WorkingSet: 13.32 MB, 提交内存PrivateBytes: 3.43 MB
[2026-08-29 15:12:00.825] [INFO ] [Hardware] [推流稳定性报告 第 18 分钟] 累计帧数: 27011, 瞬时FPS: 24.99, 平均FPS: 25.01, 物理内存WorkingSet: 13.32 MB, 提交内存PrivateBytes: 3.43 MB
[2026-08-29 15:13:00.859] [INFO ] [Hardware] [推流稳定性报告 第 19 分钟] 累计帧数: 28512, 瞬时FPS: 25.00, 平均FPS: 25.01, 物理内存WorkingSet: 13.32 MB, 提交内存PrivateBytes: 3.43 MB
[2026-08-29 15:14:00.864] [INFO ] [Hardware] [推流稳定性报告 第 20 分钟] 累计帧数: 30012, 瞬时FPS: 24.99, 平均FPS: 25.01, 物理内存WorkingSet: 13.32 MB, 提交内存PrivateBytes: 3.43 MB
[2026-08-29 15:15:00.906] [INFO ] [Hardware] [推流稳定性报告 第 21 分钟] 累计帧数: 31513, 瞬时FPS: 24.99, 平均FPS: 25.01, 物理内存WorkingSet: 13.32 MB, 提交内存PrivateBytes: 3.43 MB
[2026-08-29 15:16:00.934] [INFO ] [Hardware] [推流稳定性报告 第 22 分钟] 累计帧数: 33014, 瞬时FPS: 25.00, 平均FPS: 25.01, 物理内存WorkingSet: 13.32 MB, 提交内存PrivateBytes: 3.43 MB
[2026-08-29 15:17:00.936] [INFO ] [Hardware] [推流稳定性报告 第 23 分钟] 累计帧数: 34514, 瞬时FPS: 24.99, 平均FPS: 25.01, 物理内存WorkingSet: 13.32 MB, 提交内存PrivateBytes: 3.43 MB
[2026-08-29 15:18:00.981] [INFO ] [Hardware] [推流稳定性报告 第 24 分钟] 累计帧数: 36015, 瞬时FPS: 24.99, 平均FPS: 25.01, 物理内存WorkingSet: 13.32 MB, 提交内存PrivateBytes: 3.43 MB
[2026-08-29 15:19:01.023] [INFO ] [Hardware] [推流稳定性报告 第 25 分钟] 累计帧数: 37516, 瞬时FPS: 24.99, 平均FPS: 25.01, 物理内存WorkingSet: 13.32 MB, 提交内存PrivateBytes: 3.43 MB
[2026-08-29 15:20:01.062] [INFO ] [Hardware] [推流稳定性报告 第 26 分钟] 累计帧数: 39017, 瞬时FPS: 25.00, 平均FPS: 25.01, 物理内存WorkingSet: 13.32 MB, 提交内存PrivateBytes: 3.43 MB
[2026-08-29 15:21:01.106] [INFO ] [Hardware] [推流稳定性报告 第 27 分钟] 累计帧数: 40518, 瞬时FPS: 24.99, 平均FPS: 25.01, 物理内存WorkingSet: 13.32 MB, 提交内存PrivateBytes: 3.43 MB
[2026-08-29 15:22:01.108] [INFO ] [Hardware] [推流稳定性报告 第 28 分钟] 累计帧数: 42018, 瞬时FPS: 24.99, 平均FPS: 25.01, 物理内存WorkingSet: 13.32 MB, 提交内存PrivateBytes: 3.43 MB
[2026-08-29 15:23:01.133] [INFO ] [Hardware] [推流稳定性报告 第 29 分钟] 累计帧数: 43519, 瞬时FPS: 25.00, 平均FPS: 25.01, 物理内存WorkingSet: 13.32 MB, 提交内存PrivateBytes: 3.43 MB
[2026-08-29 15:24:01.145] [INFO ] [Hardware] [推流稳定性报告 第 30 分钟] 累计帧数: 45019, 瞬时FPS: 24.99, 平均FPS: 25.01, 物理内存WorkingSet: 13.32 MB, 提交内存PrivateBytes: 3.43 MB
[2026-08-29 15:24:01.145] [INFO ] 【稳定性验收达成】已完成预设的 30.000000 分钟持续推流测试！正在退出测试循环...
[2026-08-29 15:24:01.145] [INFO ] 正在停止前台监控线程...
[2026-08-29 15:24:01.145] [INFO ] 前台窗口监控线程安全退出
[2026-08-29 15:24:01.145] [INFO ] 正在安全关闭 Aura 硬件连接...
[2026-08-29 15:24:01.313] [INFO ] [+] AuraAdapter 已安全关闭并释放所有 COM 资源
[2026-08-29 15:24:01.314] [INFO ] [+] 运行状态标记已清除 (.daemon_running 已删除)
[2026-08-29 15:24:01.314] [INFO ] [+] 守护进程已优雅退出，所有资源已安全释放。
[2026-08-30 01:08:04.164] [INFO ] 成功加载权威键位映射表: calibrated_keymap.json (共 68 个键位)
[2026-08-30 01:08:04.165] [INFO ] 成功加载配置文件: config.json (默认方案: desktop, 规则数: 5, Profile数: 6)
[2026-08-30 01:08:04.165] [INFO ] [Dry-Run] AuraAdapter 初始化完成 (虚拟硬件模式，不挂载实际 DLL)
[2026-08-30 01:08:04.165] [INFO ] [WebUI 监护] 网页服务后台监护线程已就绪
[2026-08-30 01:08:04.165] [INFO ] [+] ROG FALCHION ACE HFX 守护进程正在运行中 (按 Ctrl+C 优雅退出)...
[2026-08-30 01:08:04.165] [INFO ] [Dry-Run 效果帧 #1] 活跃通道数: 128/128 | 典型通道色彩: ID 0->RGB(0,80,200) ID 1->RGB(0,80,200) ID 2->RGB(0,80,200) ID 3->RGB(0,80,200) 
[2026-08-30 01:08:04.165] [INFO ] 前台窗口监控线程启动成功 (事件驱动模式，无轮询)
[2026-08-30 01:08:04.165] [INFO ] 前台窗口切换 -> 进程: [桌面/未知] => 匹配灯效方案: [desktop]
[2026-08-30 01:08:04.171] [INFO ] [WebUI 监护] 网页配置服务进程已启动 (PID: 29764, 绑定端口: 127.0.0.1:19898)
[2026-08-30 01:08:05.174] [INFO ] [Dry-Run 效果帧 #26] 活跃通道数: 128/128 | 典型通道色彩: ID 0->RGB(0,36,101) ID 1->RGB(0,36,101) ID 2->RGB(0,36,101) ID 3->RGB(0,36,101) 
[2026-08-30 01:08:06.171] [INFO ] [Dry-Run 效果帧 #51] 活跃通道数: 128/128 | 典型通道色彩: ID 0->RGB(0,13,48) ID 1->RGB(0,13,48) ID 2->RGB(0,13,48) ID 3->RGB(0,13,48) 
[2026-08-30 01:08:07.166] [INFO ] [Dry-Run 效果帧 #76] 活跃通道数: 128/128 | 典型通道色彩: ID 0->RGB(0,66,169) ID 1->RGB(0,66,169) ID 2->RGB(0,66,169) ID 3->RGB(0,66,169) 
[2026-08-30 01:08:08.166] [INFO ] [Dry-Run 效果帧 #101] 活跃通道数: 128/128 | 典型通道色彩: ID 0->RGB(0,66,169) ID 1->RGB(0,66,169) ID 2->RGB(0,66,169) ID 3->RGB(0,66,169) 
[2026-08-30 01:08:09.176] [INFO ] [Dry-Run 效果帧 #126] 活跃通道数: 128/128 | 典型通道色彩: ID 0->RGB(0,13,47) ID 1->RGB(0,13,47) ID 2->RGB(0,13,47) ID 3->RGB(0,13,47) 
[2026-08-30 01:08:10.175] [INFO ] [Dry-Run 效果帧 #151] 活跃通道数: 128/128 | 典型通道色彩: ID 0->RGB(0,37,103) ID 1->RGB(0,37,103) ID 2->RGB(0,37,103) ID 3->RGB(0,37,103) 
[2026-08-30 01:08:11.173] [INFO ] [Dry-Run 效果帧 #176] 活跃通道数: 128/128 | 典型通道色彩: ID 0->RGB(0,79,199) ID 1->RGB(0,79,199) ID 2->RGB(0,79,199) ID 3->RGB(0,79,199) 
[2026-08-30 01:08:12.172] [INFO ] [Dry-Run 效果帧 #201] 活跃通道数: 128/128 | 典型通道色彩: ID 0->RGB(0,36,101) ID 1->RGB(0,36,101) ID 2->RGB(0,36,101) ID 3->RGB(0,36,101) 
[2026-08-30 01:08:13.171] [INFO ] [Dry-Run 效果帧 #226] 活跃通道数: 128/128 | 典型通道色彩: ID 0->RGB(0,13,48) ID 1->RGB(0,13,48) ID 2->RGB(0,13,48) ID 3->RGB(0,13,48) 
[2026-08-30 01:08:14.181] [INFO ] [Dry-Run 效果帧 #251] 活跃通道数: 128/128 | 典型通道色彩: ID 0->RGB(0,67,171) ID 1->RGB(0,67,171) ID 2->RGB(0,67,171) ID 3->RGB(0,67,171) 
[2026-08-30 01:08:15.165] [INFO ] [Dry-Run 效果帧 #276] 活跃通道数: 128/128 | 典型通道色彩: ID 0->RGB(0,66,169) ID 1->RGB(0,66,169) ID 2->RGB(0,66,169) ID 3->RGB(0,66,169) 
[2026-08-30 01:08:16.166] [INFO ] [Dry-Run 效果帧 #301] 活跃通道数: 128/128 | 典型通道色彩: ID 0->RGB(0,13,47) ID 1->RGB(0,13,47) ID 2->RGB(0,13,47) ID 3->RGB(0,13,47) 
[2026-08-30 01:08:17.169] [INFO ] [Dry-Run 效果帧 #326] 活跃通道数: 128/128 | 典型通道色彩: ID 0->RGB(0,37,102) ID 1->RGB(0,37,102) ID 2->RGB(0,37,102) ID 3->RGB(0,37,102) 
[2026-08-30 01:08:18.168] [INFO ] [Dry-Run 效果帧 #351] 活跃通道数: 128/128 | 典型通道色彩: ID 0->RGB(0,79,199) ID 1->RGB(0,79,199) ID 2->RGB(0,79,199) ID 3->RGB(0,79,199) 
[2026-08-30 01:08:19.178] [INFO ] [Dry-Run 效果帧 #376] 活跃通道数: 128/128 | 典型通道色彩: ID 0->RGB(0,36,100) ID 1->RGB(0,36,100) ID 2->RGB(0,36,100) ID 3->RGB(0,36,100) 
[2026-08-30 01:08:20.179] [INFO ] [Dry-Run 效果帧 #401] 活跃通道数: 128/128 | 典型通道色彩: ID 0->RGB(0,13,48) ID 1->RGB(0,13,48) ID 2->RGB(0,13,48) ID 3->RGB(0,13,48) 
[2026-08-30 01:08:21.135] [INFO ] 检测到配置文件已修改，正在执行热重载...
[2026-08-30 01:08:21.135] [INFO ] 成功加载配置文件: config.json (默认方案: desktop, 规则数: 5, Profile数: 6)
[2026-08-30 01:08:21.135] [INFO ] 配置热重载生效，当前活跃方案更新为: [desktop]
[2026-08-30 01:08:21.166] [INFO ] [Dry-Run 效果帧 #426] 活跃通道数: 128/128 | 典型通道色彩: ID 0->RGB(207,1,111) ID 1->RGB(207,1,111) ID 2->RGB(207,1,111) ID 3->RGB(207,1,111) 
[2026-08-30 01:08:22.170] [INFO ] [Dry-Run 效果帧 #451] 活跃通道数: 128/128 | 典型通道色彩: ID 0->RGB(206,1,111) ID 1->RGB(206,1,111) ID 2->RGB(206,1,111) ID 3->RGB(206,1,111) 
[2026-08-30 01:08:23.181] [INFO ] [Dry-Run 效果帧 #476] 活跃通道数: 128/128 | 典型通道色彩: ID 0->RGB(11,9,43) ID 1->RGB(11,9,43) ID 2->RGB(11,9,43) ID 3->RGB(11,9,43) 
[2026-08-30 01:08:24.166] [INFO ] [Dry-Run 效果帧 #501] 活跃通道数: 128/128 | 典型通道色彩: ID 0->RGB(99,6,74) ID 1->RGB(99,6,74) ID 2->RGB(99,6,74) ID 3->RGB(99,6,74) 
[2026-08-30 01:08:25.170] [INFO ] [Dry-Run 效果帧 #526] 活跃通道数: 128/128 | 典型通道色彩: ID 0->RGB(254,0,127) ID 1->RGB(254,0,127) ID 2->RGB(254,0,127) ID 3->RGB(254,0,127) 
[2026-08-30 01:08:26.179] [INFO ] [Dry-Run 效果帧 #551] 活跃通道数: 128/128 | 典型通道色彩: ID 0->RGB(96,6,73) ID 1->RGB(96,6,73) ID 2->RGB(96,6,73) ID 3->RGB(96,6,73) 
[2026-08-30 01:08:27.177] [INFO ] [Dry-Run 效果帧 #576] 活跃通道数: 128/128 | 典型通道色彩: ID 0->RGB(13,9,44) ID 1->RGB(13,9,44) ID 2->RGB(13,9,44) ID 3->RGB(13,9,44) 
[2026-08-30 01:08:28.174] [INFO ] [Dry-Run 效果帧 #601] 活跃通道数: 128/128 | 典型通道色彩: ID 0->RGB(208,1,111) ID 1->RGB(208,1,111) ID 2->RGB(208,1,111) ID 3->RGB(208,1,111) 
[2026-08-30 01:08:29.173] [INFO ] [Dry-Run 效果帧 #626] 活跃通道数: 128/128 | 典型通道色彩: ID 0->RGB(205,1,110) ID 1->RGB(205,1,110) ID 2->RGB(205,1,110) ID 3->RGB(205,1,110) 
[2026-08-30 01:08:30.127] [INFO ] 检测到配置文件已修改，正在执行热重载...
[2026-08-30 01:08:30.127] [INFO ] 成功加载配置文件: config.json (默认方案: desktop, 规则数: 5, Profile数: 6)
[2026-08-30 01:08:30.127] [INFO ] 配置热重载生效，当前活跃方案更新为: [desktop]
[2026-08-30 01:08:30.173] [INFO ] [Dry-Run 效果帧 #651] 活跃通道数: 128/128 | 典型通道色彩: ID 0->RGB(11,9,44) ID 1->RGB(11,9,44) ID 2->RGB(11,9,44) ID 3->RGB(11,9,44) 
[2026-08-30 01:08:31.171] [INFO ] [Dry-Run 效果帧 #676] 活跃通道数: 128/128 | 典型通道色彩: ID 0->RGB(100,6,74) ID 1->RGB(100,6,74) ID 2->RGB(100,6,74) ID 3->RGB(100,6,74) 
[2026-08-30 01:08:32.175] [INFO ] [Dry-Run 效果帧 #701] 活跃通道数: 128/128 | 典型通道色彩: ID 0->RGB(254,0,127) ID 1->RGB(254,0,127) ID 2->RGB(254,0,127) ID 3->RGB(254,0,127) 
[2026-08-30 01:08:33.136] [INFO ] 检测到配置文件已修改，正在执行热重载...
[2026-08-30 01:08:33.136] [INFO ] 成功加载配置文件: config.json (默认方案: desktop, 规则数: 5, Profile数: 6)
[2026-08-30 01:08:33.136] [INFO ] 配置热重载生效，当前活跃方案更新为: [desktop]
[2026-08-30 01:08:33.167] [INFO ] [Dry-Run 效果帧 #726] 活跃通道数: 128/128 | 典型通道色彩: ID 0->RGB(98,6,74) ID 1->RGB(98,6,74) ID 2->RGB(98,6,74) ID 3->RGB(98,6,74) 
[2026-08-30 01:08:34.178] [INFO ] [Dry-Run 效果帧 #751] 活跃通道数: 128/128 | 典型通道色彩: ID 0->RGB(13,9,44) ID 1->RGB(13,9,44) ID 2->RGB(13,9,44) ID 3->RGB(13,9,44) 
[2026-08-30 01:08:35.172] [INFO ] [Dry-Run 效果帧 #776] 活跃通道数: 128/128 | 典型通道色彩: ID 0->RGB(208,1,111) ID 1->RGB(208,1,111) ID 2->RGB(208,1,111) ID 3->RGB(208,1,111) 
[2026-08-30 01:08:36.167] [INFO ] [Dry-Run 效果帧 #801] 活跃通道数: 128/128 | 典型通道色彩: ID 0->RGB(206,1,111) ID 1->RGB(206,1,111) ID 2->RGB(206,1,111) ID 3->RGB(206,1,111) 
[2026-08-30 01:08:37.167] [INFO ] [Dry-Run 效果帧 #826] 活跃通道数: 128/128 | 典型通道色彩: ID 0->RGB(12,9,44) ID 1->RGB(12,9,44) ID 2->RGB(12,9,44) ID 3->RGB(12,9,44) 
[2026-08-30 01:08:38.180] [INFO ] [Dry-Run 效果帧 #851] 活跃通道数: 128/128 | 典型通道色彩: ID 0->RGB(102,5,75) ID 1->RGB(102,5,75) ID 2->RGB(102,5,75) ID 3->RGB(102,5,75) 
[2026-08-30 01:08:39.179] [INFO ] [Dry-Run 效果帧 #876] 活跃通道数: 128/128 | 典型通道色彩: ID 0->RGB(254,0,127) ID 1->RGB(254,0,127) ID 2->RGB(254,0,127) ID 3->RGB(254,0,127) 
[2026-08-30 01:08:40.175] [INFO ] [Dry-Run 效果帧 #901] 活跃通道数: 128/128 | 典型通道色彩: ID 0->RGB(96,6,73) ID 1->RGB(96,6,73) ID 2->RGB(96,6,73) ID 3->RGB(96,6,73) 
[2026-08-30 01:08:41.171] [INFO ] [Dry-Run 效果帧 #926] 活跃通道数: 128/128 | 典型通道色彩: ID 0->RGB(13,9,44) ID 1->RGB(13,9,44) ID 2->RGB(13,9,44) ID 3->RGB(13,9,44) 
[2026-08-30 01:08:42.170] [INFO ] [Dry-Run 效果帧 #951] 活跃通道数: 128/128 | 典型通道色彩: ID 0->RGB(207,1,111) ID 1->RGB(207,1,111) ID 2->RGB(207,1,111) ID 3->RGB(207,1,111) 
[2026-08-30 01:08:43.170] [INFO ] [Dry-Run 效果帧 #976] 活跃通道数: 128/128 | 典型通道色彩: ID 0->RGB(206,1,111) ID 1->RGB(206,1,111) ID 2->RGB(206,1,111) ID 3->RGB(206,1,111) 
[2026-08-30 01:08:44.180] [INFO ] [Dry-Run 效果帧 #1001] 活跃通道数: 128/128 | 典型通道色彩: ID 0->RGB(11,9,43) ID 1->RGB(11,9,43) ID 2->RGB(11,9,43) ID 3->RGB(11,9,43) 
[2026-08-30 01:08:45.180] [INFO ] [Dry-Run 效果帧 #1026] 活跃通道数: 128/128 | 典型通道色彩: ID 0->RGB(102,5,75) ID 1->RGB(102,5,75) ID 2->RGB(102,5,75) ID 3->RGB(102,5,75) 
[2026-08-30 01:08:46.175] [INFO ] [Dry-Run 效果帧 #1051] 活跃通道数: 128/128 | 典型通道色彩: ID 0->RGB(254,0,127) ID 1->RGB(254,0,127) ID 2->RGB(254,0,127) ID 3->RGB(254,0,127) 
[2026-08-30 01:08:47.171] [INFO ] [Dry-Run 效果帧 #1076] 活跃通道数: 128/128 | 典型通道色彩: ID 0->RGB(97,6,73) ID 1->RGB(97,6,73) ID 2->RGB(97,6,73) ID 3->RGB(97,6,73) 
[2026-08-30 01:08:48.168] [INFO ] [Dry-Run 效果帧 #1101] 活跃通道数: 128/128 | 典型通道色彩: ID 0->RGB(12,9,44) ID 1->RGB(12,9,44) ID 2->RGB(12,9,44) ID 3->RGB(12,9,44) 
[2026-08-30 01:08:49.177] [INFO ] [Dry-Run 效果帧 #1126] 活跃通道数: 128/128 | 典型通道色彩: ID 0->RGB(209,1,112) ID 1->RGB(209,1,112) ID 2->RGB(209,1,112) ID 3->RGB(209,1,112) 
[2026-08-30 01:08:50.171] [INFO ] [Dry-Run 效果帧 #1151] 活跃通道数: 128/128 | 典型通道色彩: ID 0->RGB(205,1,111) ID 1->RGB(205,1,111) ID 2->RGB(205,1,111) ID 3->RGB(205,1,111) 
[2026-08-30 01:08:51.169] [INFO ] [Dry-Run 效果帧 #1176] 活跃通道数: 128/128 | 典型通道色彩: ID 0->RGB(12,9,44) ID 1->RGB(12,9,44) ID 2->RGB(12,9,44) ID 3->RGB(12,9,44) 
[2026-08-30 01:08:52.168] [INFO ] [Dry-Run 效果帧 #1201] 活跃通道数: 128/128 | 典型通道色彩: ID 0->RGB(99,6,74) ID 1->RGB(99,6,74) ID 2->RGB(99,6,74) ID 3->RGB(99,6,74) 
[2026-08-30 01:08:53.166] [INFO ] [Dry-Run 效果帧 #1226] 活跃通道数: 128/128 | 典型通道色彩: ID 0->RGB(254,0,127) ID 1->RGB(254,0,127) ID 2->RGB(254,0,127) ID 3->RGB(254,0,127) 
[2026-08-30 01:08:54.165] [INFO ] [Dry-Run 效果帧 #1251] 活跃通道数: 128/128 | 典型通道色彩: ID 0->RGB(99,6,74) ID 1->RGB(99,6,74) ID 2->RGB(99,6,74) ID 3->RGB(99,6,74) 
[2026-08-30 01:08:55.177] [INFO ] [Dry-Run 效果帧 #1276] 活跃通道数: 128/128 | 典型通道色彩: ID 0->RGB(13,9,44) ID 1->RGB(13,9,44) ID 2->RGB(13,9,44) ID 3->RGB(13,9,44) 
[2026-08-30 01:08:56.175] [INFO ] [Dry-Run 效果帧 #1301] 活跃通道数: 128/128 | 典型通道色彩: ID 0->RGB(208,1,112) ID 1->RGB(208,1,112) ID 2->RGB(208,1,112) ID 3->RGB(208,1,112) 
[2026-08-30 01:08:57.180] [INFO ] [Dry-Run 效果帧 #1326] 活跃通道数: 128/128 | 典型通道色彩: ID 0->RGB(204,1,110) ID 1->RGB(204,1,110) ID 2->RGB(204,1,110) ID 3->RGB(204,1,110) 
[2026-08-30 01:08:58.166] [INFO ] [Dry-Run 效果帧 #1351] 活跃通道数: 128/128 | 典型通道色彩: ID 0->RGB(12,9,44) ID 1->RGB(12,9,44) ID 2->RGB(12,9,44) ID 3->RGB(12,9,44) 
[2026-08-30 01:08:59.180] [INFO ] [Dry-Run 效果帧 #1376] 活跃通道数: 128/128 | 典型通道色彩: ID 0->RGB(102,5,75) ID 1->RGB(102,5,75) ID 2->RGB(102,5,75) ID 3->RGB(102,5,75) 
[2026-08-30 01:09:00.174] [INFO ] [Dry-Run 效果帧 #1401] 活跃通道数: 128/128 | 典型通道色彩: ID 0->RGB(254,0,127) ID 1->RGB(254,0,127) ID 2->RGB(254,0,127) ID 3->RGB(254,0,127) 
[2026-08-30 01:09:01.169] [INFO ] [Dry-Run 效果帧 #1426] 活跃通道数: 128/128 | 典型通道色彩: ID 0->RGB(98,6,73) ID 1->RGB(98,6,73) ID 2->RGB(98,6,73) ID 3->RGB(98,6,73) 
[2026-08-30 01:09:02.168] [INFO ] [Dry-Run 效果帧 #1451] 活跃通道数: 128/128 | 典型通道色彩: ID 0->RGB(12,9,44) ID 1->RGB(12,9,44) ID 2->RGB(12,9,44) ID 3->RGB(12,9,44) 
[2026-08-30 01:09:03.167] [INFO ] [Dry-Run 效果帧 #1476] 活跃通道数: 128/128 | 典型通道色彩: ID 0->RGB(207,1,111) ID 1->RGB(207,1,111) ID 2->RGB(207,1,111) ID 3->RGB(207,1,111) 
[2026-08-30 01:09:04.178] [INFO ] [Dry-Run 效果帧 #1501] 活跃通道数: 128/128 | 典型通道色彩: ID 0->RGB(204,1,110) ID 1->RGB(204,1,110) ID 2->RGB(204,1,110) ID 3->RGB(204,1,110) 
[2026-08-30 01:09:04.178] [INFO ] [Dry-Run] [推流稳定性报告 第 1 分钟] 累计帧数: 1501, 瞬时FPS: 25.01, 平均FPS: 25.01, 物理内存WorkingSet: 9.72 MB, 提交内存PrivateBytes: 2.57 MB
[2026-08-30 01:09:05.175] [INFO ] [Dry-Run 效果帧 #1526] 活跃通道数: 128/128 | 典型通道色彩: ID 0->RGB(11,9,44) ID 1->RGB(11,9,44) ID 2->RGB(11,9,44) ID 3->RGB(11,9,44) 
[2026-08-30 01:09:06.175] [INFO ] [Dry-Run 效果帧 #1551] 活跃通道数: 128/128 | 典型通道色彩: ID 0->RGB(101,6,74) ID 1->RGB(101,6,74) ID 2->RGB(101,6,74) ID 3->RGB(101,6,74) 
[2026-08-30 01:09:07.169] [INFO ] [Dry-Run 效果帧 #1576] 活跃通道数: 128/128 | 典型通道色彩: ID 0->RGB(254,0,127) ID 1->RGB(254,0,127) ID 2->RGB(254,0,127) ID 3->RGB(254,0,127) 
[2026-08-30 01:09:08.179] [INFO ] [Dry-Run 效果帧 #1601] 活跃通道数: 128/128 | 典型通道色彩: ID 0->RGB(96,6,73) ID 1->RGB(96,6,73) ID 2->RGB(96,6,73) ID 3->RGB(96,6,73) 
[2026-08-30 01:09:09.176] [INFO ] [Dry-Run 效果帧 #1626] 活跃通道数: 128/128 | 典型通道色彩: ID 0->RGB(13,9,44) ID 1->RGB(13,9,44) ID 2->RGB(13,9,44) ID 3->RGB(13,9,44) 
[2026-08-30 01:09:10.174] [INFO ] [Dry-Run 效果帧 #1651] 活跃通道数: 128/128 | 典型通道色彩: ID 0->RGB(208,1,111) ID 1->RGB(208,1,111) ID 2->RGB(208,1,111) ID 3->RGB(208,1,111) 
[2026-08-30 01:09:11.169] [INFO ] [Dry-Run 效果帧 #1676] 活跃通道数: 128/128 | 典型通道色彩: ID 0->RGB(206,1,111) ID 1->RGB(206,1,111) ID 2->RGB(206,1,111) ID 3->RGB(206,1,111) 
[2026-08-30 01:09:12.169] [INFO ] [Dry-Run 效果帧 #1701] 活跃通道数: 128/128 | 典型通道色彩: ID 0->RGB(12,9,44) ID 1->RGB(12,9,44) ID 2->RGB(12,9,44) ID 3->RGB(12,9,44) 
[2026-08-30 01:09:13.179] [INFO ] [Dry-Run 效果帧 #1726] 活跃通道数: 128/128 | 典型通道色彩: ID 0->RGB(102,5,75) ID 1->RGB(102,5,75) ID 2->RGB(102,5,75) ID 3->RGB(102,5,75) 
[2026-08-30 01:09:14.176] [INFO ] [Dry-Run 效果帧 #1751] 活跃通道数: 128/128 | 典型通道色彩: ID 0->RGB(254,0,127) ID 1->RGB(254,0,127) ID 2->RGB(254,0,127) ID 3->RGB(254,0,127) 
[2026-08-30 01:09:15.172] [INFO ] [Dry-Run 效果帧 #1776] 活跃通道数: 128/128 | 典型通道色彩: ID 0->RGB(97,6,73) ID 1->RGB(97,6,73) ID 2->RGB(97,6,73) ID 3->RGB(97,6,73) 
[2026-08-30 01:09:16.172] [INFO ] [Dry-Run 效果帧 #1801] 活跃通道数: 128/128 | 典型通道色彩: ID 0->RGB(13,9,44) ID 1->RGB(13,9,44) ID 2->RGB(13,9,44) ID 3->RGB(13,9,44) 
[2026-08-30 01:09:17.170] [INFO ] [Dry-Run 效果帧 #1826] 活跃通道数: 128/128 | 典型通道色彩: ID 0->RGB(207,1,111) ID 1->RGB(207,1,111) ID 2->RGB(207,1,111) ID 3->RGB(207,1,111) 
[2026-08-30 01:09:18.171] [INFO ] [Dry-Run 效果帧 #1851] 活跃通道数: 128/128 | 典型通道色彩: ID 0->RGB(205,1,111) ID 1->RGB(205,1,111) ID 2->RGB(205,1,111) ID 3->RGB(205,1,111) 
[2026-08-30 01:09:19.169] [INFO ] [Dry-Run 效果帧 #1876] 活跃通道数: 128/128 | 典型通道色彩: ID 0->RGB(12,9,44) ID 1->RGB(12,9,44) ID 2->RGB(12,9,44) ID 3->RGB(12,9,44) 
[2026-08-30 01:09:20.174] [INFO ] [Dry-Run 效果帧 #1901] 活跃通道数: 128/128 | 典型通道色彩: ID 0->RGB(101,6,74) ID 1->RGB(101,6,74) ID 2->RGB(101,6,74) ID 3->RGB(101,6,74) 
[2026-08-30 01:09:21.169] [INFO ] [Dry-Run 效果帧 #1926] 活跃通道数: 128/128 | 典型通道色彩: ID 0->RGB(254,0,127) ID 1->RGB(254,0,127) ID 2->RGB(254,0,127) ID 3->RGB(254,0,127) 
[2026-08-30 01:09:22.170] [INFO ] [Dry-Run 效果帧 #1951] 活跃通道数: 128/128 | 典型通道色彩: ID 0->RGB(98,6,73) ID 1->RGB(98,6,73) ID 2->RGB(98,6,73) ID 3->RGB(98,6,73) 
[2026-08-30 01:09:23.178] [INFO ] [Dry-Run 效果帧 #1976] 活跃通道数: 128/128 | 典型通道色彩: ID 0->RGB(13,9,44) ID 1->RGB(13,9,44) ID 2->RGB(13,9,44) ID 3->RGB(13,9,44) 
[2026-08-30 01:09:24.174] [INFO ] [Dry-Run 效果帧 #2001] 活跃通道数: 128/128 | 典型通道色彩: ID 0->RGB(208,1,111) ID 1->RGB(208,1,111) ID 2->RGB(208,1,111) ID 3->RGB(208,1,111) 
[2026-08-30 01:09:25.171] [INFO ] [Dry-Run 效果帧 #2026] 活跃通道数: 128/128 | 典型通道色彩: ID 0->RGB(205,1,111) ID 1->RGB(205,1,111) ID 2->RGB(205,1,111) ID 3->RGB(205,1,111) 
[2026-08-30 01:09:26.166] [INFO ] [Dry-Run 效果帧 #2051] 活跃通道数: 128/128 | 典型通道色彩: ID 0->RGB(12,9,44) ID 1->RGB(12,9,44) ID 2->RGB(12,9,44) ID 3->RGB(12,9,44) 
[2026-08-30 01:09:27.174] [INFO ] [Dry-Run 效果帧 #2076] 活跃通道数: 128/128 | 典型通道色彩: ID 0->RGB(101,6,74) ID 1->RGB(101,6,74) ID 2->RGB(101,6,74) ID 3->RGB(101,6,74) 
[2026-08-30 01:09:28.169] [INFO ] [Dry-Run 效果帧 #2101] 活跃通道数: 128/128 | 典型通道色彩: ID 0->RGB(254,0,127) ID 1->RGB(254,0,127) ID 2->RGB(254,0,127) ID 3->RGB(254,0,127) 
[2026-08-30 01:09:29.167] [INFO ] [Dry-Run 效果帧 #2126] 活跃通道数: 128/128 | 典型通道色彩: ID 0->RGB(98,6,74) ID 1->RGB(98,6,74) ID 2->RGB(98,6,74) ID 3->RGB(98,6,74) 
[2026-08-30 01:09:30.177] [INFO ] [Dry-Run 效果帧 #2151] 活跃通道数: 128/128 | 典型通道色彩: ID 0->RGB(13,9,44) ID 1->RGB(13,9,44) ID 2->RGB(13,9,44) ID 3->RGB(13,9,44) 
[2026-08-30 01:09:31.179] [INFO ] [Dry-Run 效果帧 #2176] 活跃通道数: 128/128 | 典型通道色彩: ID 0->RGB(209,1,112) ID 1->RGB(209,1,112) ID 2->RGB(209,1,112) ID 3->RGB(209,1,112) 
[2026-08-30 01:09:32.166] [INFO ] [Dry-Run 效果帧 #2201] 活跃通道数: 128/128 | 典型通道色彩: ID 0->RGB(206,1,111) ID 1->RGB(206,1,111) ID 2->RGB(206,1,111) ID 3->RGB(206,1,111) 
[2026-08-30 01:09:33.170] [INFO ] [Dry-Run 效果帧 #2226] 活跃通道数: 128/128 | 典型通道色彩: ID 0->RGB(12,9,44) ID 1->RGB(12,9,44) ID 2->RGB(12,9,44) ID 3->RGB(12,9,44) 
[2026-08-30 01:09:34.171] [INFO ] [Dry-Run 效果帧 #2251] 活跃通道数: 128/128 | 典型通道色彩: ID 0->RGB(100,6,74) ID 1->RGB(100,6,74) ID 2->RGB(100,6,74) ID 3->RGB(100,6,74) 
[2026-08-30 01:09:35.180] [INFO ] [Dry-Run 效果帧 #2276] 活跃通道数: 128/128 | 典型通道色彩: ID 0->RGB(254,0,127) ID 1->RGB(254,0,127) ID 2->RGB(254,0,127) ID 3->RGB(254,0,127) 
[2026-08-30 01:09:36.176] [INFO ] [Dry-Run 效果帧 #2301] 活跃通道数: 128/128 | 典型通道色彩: ID 0->RGB(96,6,73) ID 1->RGB(96,6,73) ID 2->RGB(96,6,73) ID 3->RGB(96,6,73) 
[2026-08-30 01:09:37.174] [INFO ] [Dry-Run 效果帧 #2326] 活跃通道数: 128/128 | 典型通道色彩: ID 0->RGB(13,9,44) ID 1->RGB(13,9,44) ID 2->RGB(13,9,44) ID 3->RGB(13,9,44) 
[2026-08-30 01:09:38.171] [INFO ] [Dry-Run 效果帧 #2351] 活跃通道数: 128/128 | 典型通道色彩: ID 0->RGB(207,1,111) ID 1->RGB(207,1,111) ID 2->RGB(207,1,111) ID 3->RGB(207,1,111) 
[2026-08-30 01:09:39.170] [INFO ] [Dry-Run 效果帧 #2376] 活跃通道数: 128/128 | 典型通道色彩: ID 0->RGB(206,1,111) ID 1->RGB(206,1,111) ID 2->RGB(206,1,111) ID 3->RGB(206,1,111) 
[2026-08-30 01:09:40.170] [INFO ] [Dry-Run 效果帧 #2401] 活跃通道数: 128/128 | 典型通道色彩: ID 0->RGB(12,9,44) ID 1->RGB(12,9,44) ID 2->RGB(12,9,44) ID 3->RGB(12,9,44) 
[2026-08-30 01:09:41.166] [INFO ] [Dry-Run 效果帧 #2426] 活跃通道数: 128/128 | 典型通道色彩: ID 0->RGB(99,6,74) ID 1->RGB(99,6,74) ID 2->RGB(99,6,74) ID 3->RGB(99,6,74) 
[2026-08-30 01:09:42.178] [INFO ] [Dry-Run 效果帧 #2451] 活跃通道数: 128/128 | 典型通道色彩: ID 0->RGB(254,0,127) ID 1->RGB(254,0,127) ID 2->RGB(254,0,127) ID 3->RGB(254,0,127) 
[2026-08-30 01:09:43.172] [INFO ] [Dry-Run 效果帧 #2476] 活跃通道数: 128/128 | 典型通道色彩: ID 0->RGB(97,6,73) ID 1->RGB(97,6,73) ID 2->RGB(97,6,73) ID 3->RGB(97,6,73) 
[2026-08-30 01:09:44.174] [INFO ] [Dry-Run 效果帧 #2501] 活跃通道数: 128/128 | 典型通道色彩: ID 0->RGB(13,9,44) ID 1->RGB(13,9,44) ID 2->RGB(13,9,44) ID 3->RGB(13,9,44) 
[2026-08-30 01:09:45.170] [INFO ] [Dry-Run 效果帧 #2526] 活跃通道数: 128/128 | 典型通道色彩: ID 0->RGB(207,1,111) ID 1->RGB(207,1,111) ID 2->RGB(207,1,111) ID 3->RGB(207,1,111) 
[2026-08-30 01:09:46.178] [INFO ] [Dry-Run 效果帧 #2551] 活跃通道数: 128/128 | 典型通道色彩: ID 0->RGB(204,1,110) ID 1->RGB(204,1,110) ID 2->RGB(204,1,110) ID 3->RGB(204,1,110) 
[2026-08-30 01:09:47.167] [INFO ] [Dry-Run 效果帧 #2576] 活跃通道数: 128/128 | 典型通道色彩: ID 0->RGB(12,9,44) ID 1->RGB(12,9,44) ID 2->RGB(12,9,44) ID 3->RGB(12,9,44) 
[2026-08-30 01:09:48.168] [INFO ] [Dry-Run 效果帧 #2601] 活跃通道数: 128/128 | 典型通道色彩: ID 0->RGB(99,6,74) ID 1->RGB(99,6,74) ID 2->RGB(99,6,74) ID 3->RGB(99,6,74) 
[2026-08-30 01:09:49.166] [INFO ] [Dry-Run 效果帧 #2626] 活跃通道数: 128/128 | 典型通道色彩: ID 0->RGB(254,0,127) ID 1->RGB(254,0,127) ID 2->RGB(254,0,127) ID 3->RGB(254,0,127) 
[2026-08-30 01:09:50.166] [INFO ] [Dry-Run 效果帧 #2651] 活跃通道数: 128/128 | 典型通道色彩: ID 0->RGB(98,6,74) ID 1->RGB(98,6,74) ID 2->RGB(98,6,74) ID 3->RGB(98,6,74) 
[2026-08-30 01:09:51.171] [INFO ] [Dry-Run 效果帧 #2676] 活跃通道数: 128/128 | 典型通道色彩: ID 0->RGB(13,9,44) ID 1->RGB(13,9,44) ID 2->RGB(13,9,44) ID 3->RGB(13,9,44) 
[2026-08-30 01:09:52.173] [INFO ] [Dry-Run 效果帧 #2701] 活跃通道数: 128/128 | 典型通道色彩: ID 0->RGB(208,1,111) ID 1->RGB(208,1,111) ID 2->RGB(208,1,111) ID 3->RGB(208,1,111) 
[2026-08-30 01:09:53.172] [INFO ] [Dry-Run 效果帧 #2726] 活跃通道数: 128/128 | 典型通道色彩: ID 0->RGB(205,1,111) ID 1->RGB(205,1,111) ID 2->RGB(205,1,111) ID 3->RGB(205,1,111) 
[2026-08-30 01:09:54.171] [INFO ] [Dry-Run 效果帧 #2751] 活跃通道数: 128/128 | 典型通道色彩: ID 0->RGB(12,9,44) ID 1->RGB(12,9,44) ID 2->RGB(12,9,44) ID 3->RGB(12,9,44) 
[2026-08-30 01:09:55.180] [INFO ] [Dry-Run 效果帧 #2776] 活跃通道数: 128/128 | 典型通道色彩: ID 0->RGB(102,5,75) ID 1->RGB(102,5,75) ID 2->RGB(102,5,75) ID 3->RGB(102,5,75) 
[2026-08-30 01:09:56.178] [INFO ] [Dry-Run 效果帧 #2801] 活跃通道数: 128/128 | 典型通道色彩: ID 0->RGB(254,0,127) ID 1->RGB(254,0,127) ID 2->RGB(254,0,127) ID 3->RGB(254,0,127) 
[2026-08-30 01:09:57.173] [INFO ] [Dry-Run 效果帧 #2826] 活跃通道数: 128/128 | 典型通道色彩: ID 0->RGB(97,6,73) ID 1->RGB(97,6,73) ID 2->RGB(97,6,73) ID 3->RGB(97,6,73) 
[2026-08-30 01:09:58.170] [INFO ] [Dry-Run 效果帧 #2851] 活跃通道数: 128/128 | 典型通道色彩: ID 0->RGB(13,9,44) ID 1->RGB(13,9,44) ID 2->RGB(13,9,44) ID 3->RGB(13,9,44) 
[2026-08-30 01:09:59.170] [INFO ] [Dry-Run 效果帧 #2876] 活跃通道数: 128/128 | 典型通道色彩: ID 0->RGB(207,1,111) ID 1->RGB(207,1,111) ID 2->RGB(207,1,111) ID 3->RGB(207,1,111) 
[2026-08-30 01:10:00.176] [INFO ] [Dry-Run 效果帧 #2901] 活跃通道数: 128/128 | 典型通道色彩: ID 0->RGB(205,1,110) ID 1->RGB(205,1,110) ID 2->RGB(205,1,110) ID 3->RGB(205,1,110) 
[2026-08-30 01:10:01.180] [INFO ] [Dry-Run 效果帧 #2926] 活跃通道数: 128/128 | 典型通道色彩: ID 0->RGB(11,9,43) ID 1->RGB(11,9,43) ID 2->RGB(11,9,43) ID 3->RGB(11,9,43) 
[2026-08-30 01:10:02.169] [INFO ] [Dry-Run 效果帧 #2951] 活跃通道数: 128/128 | 典型通道色彩: ID 0->RGB(100,6,74) ID 1->RGB(100,6,74) ID 2->RGB(100,6,74) ID 3->RGB(100,6,74) 
[2026-08-30 01:10:03.167] [INFO ] [Dry-Run 效果帧 #2976] 活跃通道数: 128/128 | 典型通道色彩: ID 0->RGB(254,0,127) ID 1->RGB(254,0,127) ID 2->RGB(254,0,127) ID 3->RGB(254,0,127) 
[2026-08-30 01:10:04.167] [INFO ] [Dry-Run 效果帧 #3001] 活跃通道数: 128/128 | 典型通道色彩: ID 0->RGB(98,6,74) ID 1->RGB(98,6,74) ID 2->RGB(98,6,74) ID 3->RGB(98,6,74) 
[2026-08-30 01:10:04.213] [INFO ] [Dry-Run] [推流稳定性报告 第 2 分钟] 累计帧数: 3002, 瞬时FPS: 25.00, 平均FPS: 25.01, 物理内存WorkingSet: 9.76 MB, 提交内存PrivateBytes: 2.57 MB
[2026-08-30 01:10:05.180] [INFO ] [Dry-Run 效果帧 #3026] 活跃通道数: 128/128 | 典型通道色彩: ID 0->RGB(14,9,44) ID 1->RGB(14,9,44) ID 2->RGB(14,9,44) ID 3->RGB(14,9,44) 
[2026-08-30 01:10:06.176] [INFO ] [Dry-Run 效果帧 #3051] 活跃通道数: 128/128 | 典型通道色彩: ID 0->RGB(208,1,112) ID 1->RGB(208,1,112) ID 2->RGB(208,1,112) ID 3->RGB(208,1,112) 
[2026-08-30 01:10:07.176] [INFO ] [Dry-Run 效果帧 #3076] 活跃通道数: 128/128 | 典型通道色彩: ID 0->RGB(205,1,110) ID 1->RGB(205,1,110) ID 2->RGB(205,1,110) ID 3->RGB(205,1,110) 
[2026-08-30 01:10:08.176] [INFO ] [Dry-Run 效果帧 #3101] 活跃通道数: 128/128 | 典型通道色彩: ID 0->RGB(11,9,43) ID 1->RGB(11,9,43) ID 2->RGB(11,9,43) ID 3->RGB(11,9,43) 
[2026-08-30 01:10:09.173] [INFO ] [Dry-Run 效果帧 #3126] 活跃通道数: 128/128 | 典型通道色彩: ID 0->RGB(100,6,74) ID 1->RGB(100,6,74) ID 2->RGB(100,6,74) ID 3->RGB(100,6,74) 
[2026-08-30 01:10:10.169] [INFO ] [Dry-Run 效果帧 #3151] 活跃通道数: 128/128 | 典型通道色彩: ID 0->RGB(254,0,127) ID 1->RGB(254,0,127) ID 2->RGB(254,0,127) ID 3->RGB(254,0,127) 
[2026-08-30 01:10:11.179] [INFO ] [Dry-Run 效果帧 #3176] 活跃通道数: 128/128 | 典型通道色彩: ID 0->RGB(96,6,73) ID 1->RGB(96,6,73) ID 2->RGB(96,6,73) ID 3->RGB(96,6,73) 
[2026-08-30 01:10:12.176] [INFO ] [Dry-Run 效果帧 #3201] 活跃通道数: 128/128 | 典型通道色彩: ID 0->RGB(13,9,44) ID 1->RGB(13,9,44) ID 2->RGB(13,9,44) ID 3->RGB(13,9,44) 
[2026-08-30 01:10:13.178] [INFO ] [Dry-Run 效果帧 #3226] 活跃通道数: 128/128 | 典型通道色彩: ID 0->RGB(209,1,112) ID 1->RGB(209,1,112) ID 2->RGB(209,1,112) ID 3->RGB(209,1,112) 
[2026-08-30 01:10:14.174] [INFO ] [Dry-Run 效果帧 #3251] 活跃通道数: 128/128 | 典型通道色彩: ID 0->RGB(205,1,110) ID 1->RGB(205,1,110) ID 2->RGB(205,1,110) ID 3->RGB(205,1,110) 
[2026-08-30 01:10:15.175] [INFO ] [Dry-Run 效果帧 #3276] 活跃通道数: 128/128 | 典型通道色彩: ID 0->RGB(11,9,44) ID 1->RGB(11,9,44) ID 2->RGB(11,9,44) ID 3->RGB(11,9,44) 
[2026-08-30 01:10:16.174] [INFO ] [Dry-Run 效果帧 #3301] 活跃通道数: 128/128 | 典型通道色彩: ID 0->RGB(101,6,74) ID 1->RGB(101,6,74) ID 2->RGB(101,6,74) ID 3->RGB(101,6,74) 
[2026-08-30 01:10:17.170] [INFO ] [Dry-Run 效果帧 #3326] 活跃通道数: 128/128 | 典型通道色彩: ID 0->RGB(254,0,127) ID 1->RGB(254,0,127) ID 2->RGB(254,0,127) ID 3->RGB(254,0,127) 
[2026-08-30 01:10:18.179] [INFO ] [Dry-Run 效果帧 #3351] 活跃通道数: 128/128 | 典型通道色彩: ID 0->RGB(96,6,73) ID 1->RGB(96,6,73) ID 2->RGB(96,6,73) ID 3->RGB(96,6,73) 
[2026-08-30 01:10:19.169] [INFO ] [Dry-Run 效果帧 #3376] 活跃通道数: 128/128 | 典型通道色彩: ID 0->RGB(13,9,44) ID 1->RGB(13,9,44) ID 2->RGB(13,9,44) ID 3->RGB(13,9,44) 
[2026-08-30 01:10:20.179] [INFO ] [Dry-Run 效果帧 #3401] 活跃通道数: 128/128 | 典型通道色彩: ID 0->RGB(209,1,112) ID 1->RGB(209,1,112) ID 2->RGB(209,1,112) ID 3->RGB(209,1,112) 
[2026-08-30 01:10:21.176] [INFO ] [Dry-Run 效果帧 #3426] 活跃通道数: 128/128 | 典型通道色彩: ID 0->RGB(205,1,110) ID 1->RGB(205,1,110) ID 2->RGB(205,1,110) ID 3->RGB(205,1,110) 
[2026-08-30 01:10:22.171] [INFO ] [Dry-Run 效果帧 #3451] 活跃通道数: 128/128 | 典型通道色彩: ID 0->RGB(12,9,44) ID 1->RGB(12,9,44) ID 2->RGB(12,9,44) ID 3->RGB(12,9,44) 
[2026-08-30 01:10:23.177] [INFO ] [Dry-Run 效果帧 #3476] 活跃通道数: 128/128 | 典型通道色彩: ID 0->RGB(101,6,75) ID 1->RGB(101,6,75) ID 2->RGB(101,6,75) ID 3->RGB(101,6,75) 
[2026-08-30 01:10:24.169] [INFO ] [Dry-Run 效果帧 #3501] 活跃通道数: 128/128 | 典型通道色彩: ID 0->RGB(254,0,127) ID 1->RGB(254,0,127) ID 2->RGB(254,0,127) ID 3->RGB(254,0,127) 
[2026-08-30 01:10:25.181] [INFO ] [Dry-Run 效果帧 #3526] 活跃通道数: 128/128 | 典型通道色彩: ID 0->RGB(95,6,72) ID 1->RGB(95,6,72) ID 2->RGB(95,6,72) ID 3->RGB(95,6,72) 
[2026-08-30 01:10:26.174] [INFO ] [Dry-Run 效果帧 #3551] 活跃通道数: 128/128 | 典型通道色彩: ID 0->RGB(13,9,44) ID 1->RGB(13,9,44) ID 2->RGB(13,9,44) ID 3->RGB(13,9,44) 
[2026-08-30 01:10:27.169] [INFO ] [Dry-Run 效果帧 #3576] 活跃通道数: 128/128 | 典型通道色彩: ID 0->RGB(207,1,111) ID 1->RGB(207,1,111) ID 2->RGB(207,1,111) ID 3->RGB(207,1,111) 
[2026-08-30 01:10:28.166] [INFO ] [Dry-Run 效果帧 #3601] 活跃通道数: 128/128 | 典型通道色彩: ID 0->RGB(206,1,111) ID 1->RGB(206,1,111) ID 2->RGB(206,1,111) ID 3->RGB(206,1,111) 
[2026-08-30 01:10:29.175] [INFO ] [Dry-Run 效果帧 #3626] 活跃通道数: 128/128 | 典型通道色彩: ID 0->RGB(11,9,44) ID 1->RGB(11,9,44) ID 2->RGB(11,9,44) ID 3->RGB(11,9,44) 
[2026-08-30 01:10:30.176] [INFO ] [Dry-Run 效果帧 #3651] 活跃通道数: 128/128 | 典型通道色彩: ID 0->RGB(101,6,75) ID 1->RGB(101,6,75) ID 2->RGB(101,6,75) ID 3->RGB(101,6,75) 
[2026-08-30 01:10:31.172] [INFO ] [Dry-Run 效果帧 #3676] 活跃通道数: 128/128 | 典型通道色彩: ID 0->RGB(254,0,127) ID 1->RGB(254,0,127) ID 2->RGB(254,0,127) ID 3->RGB(254,0,127) 
[2026-08-30 01:10:32.171] [INFO ] [Dry-Run 效果帧 #3701] 活跃通道数: 128/128 | 典型通道色彩: ID 0->RGB(97,6,73) ID 1->RGB(97,6,73) ID 2->RGB(97,6,73) ID 3->RGB(97,6,73) 
[2026-08-30 01:10:33.166] [INFO ] [Dry-Run 效果帧 #3726] 活跃通道数: 128/128 | 典型通道色彩: ID 0->RGB(12,9,44) ID 1->RGB(12,9,44) ID 2->RGB(12,9,44) ID 3->RGB(12,9,44) 
[2026-08-30 01:10:34.174] [INFO ] [Dry-Run 效果帧 #3751] 活跃通道数: 128/128 | 典型通道色彩: ID 0->RGB(208,1,111) ID 1->RGB(208,1,111) ID 2->RGB(208,1,111) ID 3->RGB(208,1,111) 
[2026-08-30 01:10:35.172] [INFO ] [Dry-Run 效果帧 #3776] 活跃通道数: 128/128 | 典型通道色彩: ID 0->RGB(205,1,110) ID 1->RGB(205,1,110) ID 2->RGB(205,1,110) ID 3->RGB(205,1,110) 
[2026-08-30 01:10:36.171] [INFO ] [Dry-Run 效果帧 #3801] 活跃通道数: 128/128 | 典型通道色彩: ID 0->RGB(12,9,44) ID 1->RGB(12,9,44) ID 2->RGB(12,9,44) ID 3->RGB(12,9,44) 
[2026-08-30 01:10:37.166] [INFO ] [Dry-Run 效果帧 #3826] 活跃通道数: 128/128 | 典型通道色彩: ID 0->RGB(99,6,74) ID 1->RGB(99,6,74) ID 2->RGB(99,6,74) ID 3->RGB(99,6,74) 
[2026-08-30 01:11:37.236] [WARN ] 【异常退出兜底】检测到上一次进程未正常退出（存在残留标记文件 .daemon_running），将在连接后执行强制复位！
[2026-08-30 01:11:37.237] [INFO ] 成功加载权威键位映射表: calibrated_keymap.json (共 68 个键位)
[2026-08-30 01:11:37.238] [INFO ] 成功加载配置文件: config.json (默认方案: desktop, 规则数: 5, Profile数: 6)
[2026-08-30 01:11:37.238] [INFO ] 正在尝试挂载华硕底层驱动 AacKbHal_x64.dll (CLSID_ClaymoreHal)...
[2026-08-30 01:11:37.238] [INFO ] [Connect Step 3] GetProcAddress DllGetClassObject...
[2026-08-30 01:11:37.238] [INFO ] [Connect Step 4] Calling DllGetClassObject...
[2026-08-30 01:12:02.154] [WARN ] 【异常退出兜底】检测到上一次进程未正常退出（存在残留标记文件 .daemon_running），将在连接后执行强制复位！
[2026-08-30 01:12:02.156] [INFO ] 成功加载权威键位映射表: calibrated_keymap.json (共 68 个键位)
[2026-08-30 01:12:02.156] [INFO ] 成功加载配置文件: config.json (默认方案: desktop, 规则数: 5, Profile数: 6)
[2026-08-30 01:12:02.156] [INFO ] 检测到上次非正常退出，正在等待华硕底层驱动通道就绪 (3 秒)...
[2026-08-30 01:12:05.163] [INFO ] 正在尝试挂载华硕底层驱动 AacKbHal_x64.dll (CLSID_ClaymoreHal)...
[2026-08-30 01:12:05.163] [INFO ] [Connect Step 3] GetProcAddress DllGetClassObject...
[2026-08-30 01:12:05.163] [INFO ] [Connect Step 4] Calling DllGetClassObject...
[2026-08-30 01:12:21.384] [WARN ] 【异常退出兜底】检测到上一次进程未正常退出（存在残留标记文件 .daemon_running），将在连接后执行强制复位！
[2026-08-30 01:12:21.385] [INFO ] 成功加载权威键位映射表: calibrated_keymap.json (共 68 个键位)
[2026-08-30 01:12:21.386] [INFO ] 成功加载配置文件: config.json (默认方案: desktop, 规则数: 5, Profile数: 6)
[2026-08-30 01:12:21.386] [INFO ] 检测到上次非正常退出，正在等待华硕底层驱动通道就绪 (3 秒)...
[2026-08-30 01:12:24.390] [INFO ] 正在尝试挂载华硕底层驱动 AacKbHal_x64.dll (CLSID_ClaymoreHal)...
[2026-08-30 01:12:24.390] [INFO ] [Connect Step 3] GetProcAddress DllGetClassObject...
[2026-08-30 01:12:24.390] [INFO ] [Connect Step 4] Calling DllGetClassObject...
[2026-08-30 01:12:24.543] [INFO ] [Connect Step 5] Calling CreateInstance...
[2026-08-30 01:12:26.008] [INFO ] [Connect Step 6] Calling SafeAccess...
[2026-08-30 01:12:26.008] [INFO ] HAL Access() 调用完成，返回值: -1059441184
[2026-08-30 01:12:27.393] [INFO ] CreateLedDevice 执行完成，检测到设备数量: 1
[2026-08-30 01:12:27.393] [INFO ] [+] 成功获取硬件控制权，ROG FALCHION ACE HFX 驱动通道已就绪！
[2026-08-30 01:12:27.393] [INFO ] 正在执行硬件状态强制复位...
[2026-08-30 01:12:27.707] [INFO ] [+] 硬件强制复位完成，残余光效已清理
[2026-08-30 01:12:27.708] [INFO ] [WebUI 监护] 网页服务后台监护线程已就绪
[2026-08-30 01:12:27.708] [INFO ] [+] ROG FALCHION ACE HFX 守护进程正在运行中 (按 Ctrl+C 优雅退出)...
[2026-08-30 01:12:27.708] [INFO ] 前台窗口监控线程启动成功 (事件驱动模式，无轮询)
[2026-08-30 01:12:27.708] [INFO ] 前台窗口切换 -> 进程: [桌面/未知] => 匹配灯效方案: [desktop]
[2026-08-30 01:12:27.714] [INFO ] [WebUI 监护] 网页配置服务进程已启动 (PID: 31356, 绑定端口: 127.0.0.1:19898)
[2026-08-30 01:13:27.739] [INFO ] [Hardware] [推流稳定性报告 第 1 分钟] 累计帧数: 1501, 瞬时FPS: 25.00, 平均FPS: 25.01, 物理内存WorkingSet: 12.82 MB, 提交内存PrivateBytes: 3.36 MB
[2026-08-30 01:13:27.739] [INFO ] 【稳定性验收达成】已完成预设的 1.000000 分钟持续推流测试！正在退出测试循环...
[2026-08-30 01:13:27.739] [INFO ] 正在停止网页配置服务监护器...
[2026-08-30 01:13:27.739] [INFO ] [WebUI 监护] 正在通知网页服务平滑退出 (PID: 31356)...
[2026-08-30 01:13:27.753] [INFO ] [WebUI 监护] [+] 网页配置服务已平滑关闭 (PID: 31356)
[2026-08-30 01:13:27.753] [INFO ] 正在停止前台监控线程...
[2026-08-30 01:13:27.754] [INFO ] 前台窗口监控线程安全退出
[2026-08-30 01:13:27.754] [INFO ] 正在安全关闭 Aura 硬件连接...
[2026-08-30 01:13:27.925] [INFO ] [+] AuraAdapter 已安全关闭并释放所有 COM 资源
[2026-08-30 01:13:27.925] [INFO ] [+] 运行状态标记已清除 (.daemon_running 已删除)
[2026-08-30 01:13:27.925] [INFO ] [+] 守护进程已优雅退出，所有资源已安全释放。
[2026-08-30 01:24:05.130] [INFO ] 成功加载权威键位映射表: calibrated_keymap.json (共 68 个键位)
[2026-08-30 01:24:05.131] [INFO ] 成功加载配置文件: config.json (默认方案: desktop, 规则数: 5, Profile数: 6)
[2026-08-30 01:24:05.131] [INFO ] [Dry-Run] AuraAdapter 初始化完成 (虚拟硬件模式，不挂载实际 DLL)
[2026-08-30 01:24:05.131] [INFO ] [WebUI 监护] 网页服务后台监护线程已就绪
[2026-08-30 01:24:05.131] [INFO ] [+] ROG FALCHION ACE HFX 守护进程正在运行中 (按 Ctrl+C 优雅退出)...
[2026-08-30 01:24:05.131] [INFO ] [Dry-Run 效果帧 #1] 活跃通道数: 128/128 | 典型通道色彩: ID 0->RGB(0,80,200) ID 1->RGB(0,80,200) ID 2->RGB(0,80,200) ID 3->RGB(0,80,200) 
[2026-08-30 01:24:05.132] [INFO ] 前台窗口监控线程启动成功 (事件驱动模式，无轮询)
[2026-08-30 01:24:05.132] [INFO ] 前台窗口切换 -> 进程: [桌面/未知] => 匹配灯效方案: [desktop]
[2026-08-30 01:24:05.139] [INFO ] [WebUI 监护] 网页配置服务进程已启动 (PID: 27508, 绑定端口: 127.0.0.1:19898)
[2026-08-30 01:24:06.136] [INFO ] [Dry-Run 效果帧 #26] 活跃通道数: 128/128 | 典型通道色彩: ID 0->RGB(0,36,101) ID 1->RGB(0,36,101) ID 2->RGB(0,36,101) ID 3->RGB(0,36,101) 
[2026-08-30 01:24:07.145] [INFO ] [Dry-Run 效果帧 #51] 活跃通道数: 128/128 | 典型通道色彩: ID 0->RGB(0,13,48) ID 1->RGB(0,13,48) ID 2->RGB(0,13,48) ID 3->RGB(0,13,48) 
[2026-08-30 01:24:08.143] [INFO ] [Dry-Run 效果帧 #76] 活跃通道数: 128/128 | 典型通道色彩: ID 0->RGB(0,67,171) ID 1->RGB(0,67,171) ID 2->RGB(0,67,171) ID 3->RGB(0,67,171) 
[2026-08-30 01:24:09.137] [INFO ] [Dry-Run 效果帧 #101] 活跃通道数: 128/128 | 典型通道色彩: ID 0->RGB(0,66,169) ID 1->RGB(0,66,169) ID 2->RGB(0,66,169) ID 3->RGB(0,66,169) 
[2026-08-30 01:24:10.132] [INFO ] [Dry-Run 效果帧 #126] 活跃通道数: 128/128 | 典型通道色彩: ID 0->RGB(0,13,47) ID 1->RGB(0,13,47) ID 2->RGB(0,13,47) ID 3->RGB(0,13,47) 
[2026-08-30 01:24:11.147] [INFO ] [Dry-Run 效果帧 #151] 活跃通道数: 128/128 | 典型通道色彩: ID 0->RGB(0,38,104) ID 1->RGB(0,38,104) ID 2->RGB(0,38,104) ID 3->RGB(0,38,104) 
[2026-08-30 01:24:12.145] [INFO ] [Dry-Run 效果帧 #176] 活跃通道数: 128/128 | 典型通道色彩: ID 0->RGB(0,79,199) ID 1->RGB(0,79,199) ID 2->RGB(0,79,199) ID 3->RGB(0,79,199) 
[2026-08-30 01:24:13.139] [INFO ] [Dry-Run 效果帧 #201] 活跃通道数: 128/128 | 典型通道色彩: ID 0->RGB(0,36,101) ID 1->RGB(0,36,101) ID 2->RGB(0,36,101) ID 3->RGB(0,36,101) 
[2026-08-30 01:24:14.138] [INFO ] [Dry-Run 效果帧 #226] 活跃通道数: 128/128 | 典型通道色彩: ID 0->RGB(0,13,48) ID 1->RGB(0,13,48) ID 2->RGB(0,13,48) ID 3->RGB(0,13,48) 
[2026-08-30 01:24:15.138] [INFO ] [Dry-Run 效果帧 #251] 活跃通道数: 128/128 | 典型通道色彩: ID 0->RGB(0,67,170) ID 1->RGB(0,67,170) ID 2->RGB(0,67,170) ID 3->RGB(0,67,170) 
[2026-08-30 01:24:16.135] [INFO ] [Dry-Run 效果帧 #276] 活跃通道数: 128/128 | 典型通道色彩: ID 0->RGB(0,66,169) ID 1->RGB(0,66,169) ID 2->RGB(0,66,169) ID 3->RGB(0,66,169) 
[2026-08-30 01:24:17.147] [INFO ] [Dry-Run 效果帧 #301] 活跃通道数: 128/128 | 典型通道色彩: ID 0->RGB(0,13,47) ID 1->RGB(0,13,47) ID 2->RGB(0,13,47) ID 3->RGB(0,13,47) 
[2026-08-30 01:24:18.095] [INFO ] 检测到配置文件已修改，正在执行热重载...
[2026-08-30 01:24:18.095] [INFO ] 成功加载配置文件: config.json (默认方案: desktop, 规则数: 5, Profile数: 6)
[2026-08-30 01:24:18.095] [INFO ] 配置热重载生效，当前活跃方案更新为: [desktop]
[2026-08-30 01:24:18.141] [INFO ] [Dry-Run 效果帧 #326] 活跃通道数: 128/128 | 典型通道色彩: ID 0->RGB(0,80,200) ID 1->RGB(0,80,200) ID 2->RGB(0,80,200) ID 3->RGB(0,80,200) 
[2026-08-30 01:24:19.133] [INFO ] [Dry-Run 效果帧 #351] 活跃通道数: 128/128 | 典型通道色彩: ID 0->RGB(0,80,200) ID 1->RGB(0,80,200) ID 2->RGB(0,80,200) ID 3->RGB(0,80,200) 
[2026-08-30 01:24:20.139] [INFO ] [Dry-Run 效果帧 #376] 活跃通道数: 128/128 | 典型通道色彩: ID 0->RGB(0,80,200) ID 1->RGB(0,80,200) ID 2->RGB(0,80,200) ID 3->RGB(0,80,200) 
[2026-08-30 01:24:21.136] [INFO ] [Dry-Run 效果帧 #401] 活跃通道数: 128/128 | 典型通道色彩: ID 0->RGB(0,80,200) ID 1->RGB(0,80,200) ID 2->RGB(0,80,200) ID 3->RGB(0,80,200) 
[2026-08-30 01:24:50.474] [INFO ] 成功加载权威键位映射表: calibrated_keymap.json (共 68 个键位)
[2026-08-30 01:24:50.475] [INFO ] 成功加载配置文件: config.json (默认方案: desktop, 规则数: 5, Profile数: 6)
[2026-08-30 01:24:50.475] [INFO ] 正在尝试挂载华硕底层驱动 AacKbHal_x64.dll (CLSID_ClaymoreHal)...
[2026-08-30 01:24:50.475] [INFO ] [Connect Step 3] GetProcAddress DllGetClassObject...
[2026-08-30 01:24:50.475] [INFO ] [Connect Step 4] Calling DllGetClassObject...
[2026-08-30 01:24:50.630] [INFO ] [Connect Step 5] Calling CreateInstance...
[2026-08-30 01:24:52.160] [INFO ] [Connect Step 6] Calling SafeAccess...
[2026-08-30 01:24:52.160] [INFO ] HAL Access() 调用完成，返回值: -1518614272
[2026-08-30 01:24:53.633] [INFO ] CreateLedDevice 执行完成，检测到设备数量: 1
[2026-08-30 01:24:53.633] [INFO ] [+] 成功获取硬件控制权，ROG FALCHION ACE HFX 驱动通道已就绪！
[2026-08-30 01:24:53.633] [INFO ] [WebUI 监护] 网页服务后台监护线程已就绪
[2026-08-30 01:24:53.633] [INFO ] [+] ROG FALCHION ACE HFX 守护进程正在运行中 (按 Ctrl+C 优雅退出)...
[2026-08-30 01:24:53.634] [INFO ] 前台窗口监控线程启动成功 (事件驱动模式，无轮询)
[2026-08-30 01:24:53.634] [INFO ] 前台窗口切换 -> 进程: [桌面/未知] => 匹配灯效方案: [desktop]
[2026-08-30 01:24:53.640] [INFO ] [WebUI 监护] 网页配置服务进程已启动 (PID: 33548, 绑定端口: 127.0.0.1:19898)
[2026-08-30 01:25:01.620] [INFO ] 检测到配置文件已修改，正在执行热重载...
[2026-08-30 01:25:01.621] [INFO ] 成功加载配置文件: config.json (默认方案: desktop, 规则数: 5, Profile数: 6)
[2026-08-30 01:25:01.621] [INFO ] 配置热重载生效，当前活跃方案更新为: [desktop]
[2026-08-30 01:25:05.613] [INFO ] 检测到配置文件已修改，正在执行热重载...
[2026-08-30 01:25:05.614] [INFO ] 成功加载配置文件: config.json (默认方案: desktop, 规则数: 5, Profile数: 6)
[2026-08-30 01:25:05.614] [INFO ] 配置热重载生效，当前活跃方案更新为: [desktop]
[2026-08-30 01:25:18.622] [INFO ] 检测到配置文件已修改，正在执行热重载...
[2026-08-30 01:25:18.622] [INFO ] 成功加载配置文件: config.json (默认方案: desktop, 规则数: 5, Profile数: 6)
[2026-08-30 01:25:18.622] [INFO ] 配置热重载生效，当前活跃方案更新为: [desktop]
[2026-08-30 01:25:28.624] [INFO ] 检测到配置文件已修改，正在执行热重载...
[2026-08-30 01:25:28.624] [INFO ] 成功加载配置文件: config.json (默认方案: desktop, 规则数: 5, Profile数: 6)
[2026-08-30 01:25:28.624] [INFO ] 配置热重载生效，当前活跃方案更新为: [desktop]
[2026-08-30 01:25:35.621] [INFO ] 检测到配置文件已修改，正在执行热重载...
[2026-08-30 01:25:35.621] [INFO ] 成功加载配置文件: config.json (默认方案: desktop, 规则数: 5, Profile数: 6)
[2026-08-30 01:25:35.621] [INFO ] 配置热重载生效，当前活跃方案更新为: [desktop]
[2026-08-30 01:25:45.617] [INFO ] 检测到配置文件已修改，正在执行热重载...
[2026-08-30 01:25:45.617] [INFO ] 成功加载配置文件: config.json (默认方案: desktop, 规则数: 5, Profile数: 6)
[2026-08-30 01:25:45.617] [INFO ] 配置热重载生效，当前活跃方案更新为: [desktop]
[2026-08-30 01:25:53.656] [INFO ] [Hardware] [推流稳定性报告 第 1 分钟] 累计帧数: 1501, 瞬时FPS: 25.00, 平均FPS: 25.01, 物理内存WorkingSet: 12.73 MB, 提交内存PrivateBytes: 3.25 MB
[2026-08-30 01:26:24.616] [INFO ] 检测到配置文件已修改，正在执行热重载...
[2026-08-30 01:26:24.617] [INFO ] 成功加载配置文件: config.json (默认方案: desktop, 规则数: 5, Profile数: 6)
[2026-08-30 01:26:24.617] [INFO ] 配置热重载生效，当前活跃方案更新为: [desktop]
[2026-08-30 01:26:29.620] [INFO ] 检测到配置文件已修改，正在执行热重载...
[2026-08-30 01:26:29.620] [INFO ] 成功加载配置文件: config.json (默认方案: desktop, 规则数: 5, Profile数: 6)
[2026-08-30 01:26:29.621] [INFO ] 配置热重载生效，当前活跃方案更新为: [desktop]
[2026-08-30 01:26:42.611] [INFO ] 检测到配置文件已修改，正在执行热重载...
[2026-08-30 01:26:42.612] [INFO ] 成功加载配置文件: config.json (默认方案: desktop, 规则数: 5, Profile数: 6)
[2026-08-30 01:26:42.612] [INFO ] 配置热重载生效，当前活跃方案更新为: [desktop]
[2026-08-30 01:26:53.698] [INFO ] [Hardware] [推流稳定性报告 第 2 分钟] 累计帧数: 3002, 瞬时FPS: 24.99, 平均FPS: 25.01, 物理内存WorkingSet: 12.77 MB, 提交内存PrivateBytes: 3.25 MB
[2026-08-30 01:26:59.625] [INFO ] 检测到配置文件已修改，正在执行热重载...
[2026-08-30 01:26:59.625] [INFO ] 成功加载配置文件: config.json (默认方案: desktop, 规则数: 5, Profile数: 6)
[2026-08-30 01:26:59.625] [INFO ] 配置热重载生效，当前活跃方案更新为: [desktop]
[2026-08-30 01:27:12.612] [INFO ] 检测到配置文件已修改，正在执行热重载...
[2026-08-30 01:27:12.612] [INFO ] 成功加载配置文件: config.json (默认方案: desktop, 规则数: 5, Profile数: 6)
[2026-08-30 01:27:12.612] [INFO ] 配置热重载生效，当前活跃方案更新为: [desktop]
[2026-08-30 01:27:44.616] [INFO ] 检测到配置文件已修改，正在执行热重载...
[2026-08-30 01:27:44.616] [INFO ] 成功加载配置文件: config.json (默认方案: desktop, 规则数: 5, Profile数: 6)
[2026-08-30 01:27:44.616] [INFO ] 配置热重载生效，当前活跃方案更新为: [desktop]
[2026-08-30 01:27:53.725] [INFO ] [Hardware] [推流稳定性报告 第 3 分钟] 累计帧数: 4503, 瞬时FPS: 25.00, 平均FPS: 25.01, 物理内存WorkingSet: 12.68 MB, 提交内存PrivateBytes: 3.10 MB
[2026-08-30 01:27:54.599] [INFO ] 检测到配置文件已修改，正在执行热重载...
[2026-08-30 01:27:54.599] [INFO ] 成功加载配置文件: config.json (默认方案: desktop, 规则数: 5, Profile数: 6)
[2026-08-30 01:27:54.599] [INFO ] 配置热重载生效，当前活跃方案更新为: [desktop]
[2026-08-30 01:28:00.599] [INFO ] 检测到配置文件已修改，正在执行热重载...
[2026-08-30 01:28:00.599] [INFO ] 成功加载配置文件: config.json (默认方案: desktop, 规则数: 5, Profile数: 6)
[2026-08-30 01:28:00.599] [INFO ] 配置热重载生效，当前活跃方案更新为: [desktop]
[2026-08-30 01:28:08.131] [WARN ] 【异常退出兜底】检测到上一次进程未正常退出（存在残留标记文件 .daemon_running），将在连接后执行强制复位！
[2026-08-30 01:28:08.133] [INFO ] 成功加载权威键位映射表: calibrated_keymap.json (共 68 个键位)
[2026-08-30 01:28:08.133] [INFO ] 成功加载配置文件: config.json (默认方案: desktop, 规则数: 5, Profile数: 6)
[2026-08-30 01:28:08.134] [INFO ] 检测到上次非正常退出，正在等待华硕底层驱动通道就绪 (3 秒)...
[2026-08-30 01:28:11.135] [INFO ] 正在尝试挂载华硕底层驱动 AacKbHal_x64.dll (CLSID_ClaymoreHal)...
[2026-08-30 01:28:11.135] [INFO ] [Connect Step 3] GetProcAddress DllGetClassObject...
[2026-08-30 01:28:11.135] [INFO ] [Connect Step 4] Calling DllGetClassObject...
[2026-08-30 01:29:27.914] [WARN ] 【异常退出兜底】检测到上一次进程未正常退出（存在残留标记文件 .daemon_running），将在连接后执行强制复位！
[2026-08-30 01:29:27.915] [INFO ] 成功加载权威键位映射表: calibrated_keymap.json (共 68 个键位)
[2026-08-30 01:29:27.915] [INFO ] 成功加载配置文件: config.json (默认方案: desktop, 规则数: 5, Profile数: 8)
[2026-08-30 01:29:27.915] [INFO ] 检测到上次非正常退出，正在等待华硕底层驱动通道就绪 (3 秒)...
[2026-08-30 01:29:30.917] [INFO ] [Dry-Run] AuraAdapter 初始化完成 (虚拟硬件模式，不挂载实际 DLL)
[2026-08-30 01:29:30.917] [INFO ] 正在执行硬件状态强制复位...
[2026-08-30 01:29:30.917] [INFO ] [Dry-Run] 强制复位完成 (全黑底色)
[2026-08-30 01:29:30.917] [INFO ] [WebUI 监护] 网页服务后台监护线程已就绪
[2026-08-30 01:29:30.917] [INFO ] [+] ROG FALCHION ACE HFX 守护进程正在运行中 (按 Ctrl+C 优雅退出)...
[2026-08-30 01:29:30.917] [INFO ] [Dry-Run 效果帧 #1] 活跃通道数: 128/128 | 典型通道色彩: ID 0->RGB(255,25,41) ID 1->RGB(255,25,41) ID 2->RGB(255,25,41) ID 3->RGB(255,25,41) 
[2026-08-30 01:29:30.918] [INFO ] 前台窗口监控线程启动成功 (事件驱动模式，无轮询)
[2026-08-30 01:29:30.918] [INFO ] 前台窗口切换 -> 进程: [桌面/未知] => 匹配灯效方案: [desktop]
[2026-08-30 01:29:30.926] [INFO ] [WebUI 监护] 网页配置服务进程已启动 (PID: 15684, 绑定端口: 127.0.0.1:19898)
[2026-08-30 01:29:31.932] [INFO ] [Dry-Run 效果帧 #26] 活跃通道数: 128/128 | 典型通道色彩: ID 0->RGB(96,15,40) ID 1->RGB(96,15,40) ID 2->RGB(96,15,40) ID 3->RGB(96,15,40) 
[2026-08-30 01:29:32.926] [INFO ] [Dry-Run 效果帧 #51] 活跃通道数: 128/128 | 典型通道色彩: ID 0->RGB(13,10,40) ID 1->RGB(13,10,40) ID 2->RGB(13,10,40) ID 3->RGB(13,10,40) 
[2026-08-30 01:29:33.919] [INFO ] [Dry-Run 效果帧 #76] 活跃通道数: 128/128 | 典型通道色彩: ID 0->RGB(207,22,40) ID 1->RGB(207,22,40) ID 2->RGB(207,22,40) ID 3->RGB(207,22,40) 
[2026-08-30 01:29:34.930] [INFO ] [Dry-Run 效果帧 #101] 活跃通道数: 128/128 | 典型通道色彩: ID 0->RGB(204,22,40) ID 1->RGB(204,22,40) ID 2->RGB(204,22,40) ID 3->RGB(204,22,40) 
[2026-08-30 01:29:35.931] [INFO ] [Dry-Run 效果帧 #126] 活跃通道数: 128/128 | 典型通道色彩: ID 0->RGB(11,10,40) ID 1->RGB(11,10,40) ID 2->RGB(11,10,40) ID 3->RGB(11,10,40) 
[2026-08-30 01:29:36.886] [INFO ] 检测到配置文件已修改，正在执行热重载...
[2026-08-30 01:29:36.886] [INFO ] 成功加载配置文件: config.json (默认方案: reactive, 规则数: 5, Profile数: 8)
[2026-08-30 01:29:36.886] [INFO ] 配置热重载生效，当前活跃方案更新为: [reactive]
[2026-08-30 01:29:36.933] [INFO ] [Dry-Run 效果帧 #151] 活跃通道数: 128/128 | 典型通道色彩: ID 0->RGB(0,5,15) ID 1->RGB(0,5,15) ID 2->RGB(0,5,15) ID 3->RGB(0,5,15) 
[2026-08-30 01:29:37.932] [INFO ] [Dry-Run 效果帧 #176] 活跃通道数: 128/128 | 典型通道色彩: ID 0->RGB(0,5,15) ID 1->RGB(0,5,15) ID 2->RGB(0,5,15) ID 3->RGB(0,5,15) 
[2026-08-30 01:29:38.929] [INFO ] [Dry-Run 效果帧 #201] 活跃通道数: 128/128 | 典型通道色彩: ID 0->RGB(0,5,15) ID 1->RGB(0,5,15) ID 2->RGB(0,5,15) ID 3->RGB(0,5,15) 
[2026-08-30 01:29:39.921] [INFO ] [Dry-Run 效果帧 #226] 活跃通道数: 128/128 | 典型通道色彩: ID 0->RGB(0,5,15) ID 1->RGB(0,5,15) ID 2->RGB(29,7,18) ID 3->RGB(114,14,26) 
[2026-08-30 01:29:40.920] [INFO ] [Dry-Run 效果帧 #251] 活跃通道数: 128/128 | 典型通道色彩: ID 0->RGB(0,5,15) ID 1->RGB(0,5,15) ID 2->RGB(101,13,25) ID 3->RGB(0,5,15) 
[2026-08-30 01:29:41.931] [INFO ] [Dry-Run 效果帧 #276] 活跃通道数: 128/128 | 典型通道色彩: ID 0->RGB(0,5,15) ID 1->RGB(0,5,15) ID 2->RGB(0,5,15) ID 3->RGB(0,5,15) 
[2026-08-30 01:29:42.931] [INFO ] [Dry-Run 效果帧 #301] 活跃通道数: 128/128 | 典型通道色彩: ID 0->RGB(0,5,15) ID 1->RGB(0,5,15) ID 2->RGB(0,5,15) ID 3->RGB(0,5,15) 
[2026-08-30 01:29:43.931] [INFO ] [Dry-Run 效果帧 #326] 活跃通道数: 128/128 | 典型通道色彩: ID 0->RGB(0,5,15) ID 1->RGB(0,5,15) ID 2->RGB(0,5,15) ID 3->RGB(0,5,15) 
[2026-08-30 01:29:44.880] [INFO ] 检测到配置文件已修改，正在执行热重载...
[2026-08-30 01:29:44.880] [INFO ] 成功加载配置文件: config.json (默认方案: desktop, 规则数: 5, Profile数: 8)
[2026-08-30 01:29:44.880] [INFO ] 配置热重载生效，当前活跃方案更新为: [desktop]
[2026-08-30 01:29:44.927] [INFO ] [Dry-Run 效果帧 #351] 活跃通道数: 128/128 | 典型通道色彩: ID 0->RGB(254,24,40) ID 1->RGB(254,24,40) ID 2->RGB(254,24,40) ID 3->RGB(254,24,40) 
[2026-08-30 01:29:45.927] [INFO ] [Dry-Run 效果帧 #376] 活跃通道数: 128/128 | 典型通道色彩: ID 0->RGB(97,15,40) ID 1->RGB(97,15,40) ID 2->RGB(97,15,40) ID 3->RGB(97,15,40) 
[2026-08-30 01:30:17.148] [INFO ] 成功加载权威键位映射表: calibrated_keymap.json (共 68 个键位)
[2026-08-30 01:30:17.149] [INFO ] 成功加载配置文件: config.json (默认方案: desktop, 规则数: 5, Profile数: 8)
[2026-08-30 01:30:17.149] [INFO ] 正在尝试挂载华硕底层驱动 AacKbHal_x64.dll (CLSID_ClaymoreHal)...
[2026-08-30 01:30:17.149] [INFO ] [Connect Step 3] GetProcAddress DllGetClassObject...
[2026-08-30 01:30:17.149] [INFO ] [Connect Step 4] Calling DllGetClassObject...
[2026-08-30 01:30:28.764] [WARN ] 【异常退出兜底】检测到上一次进程未正常退出（存在残留标记文件 .daemon_running），将在连接后执行强制复位！
[2026-08-30 01:30:28.766] [INFO ] 成功加载权威键位映射表: calibrated_keymap.json (共 68 个键位)
[2026-08-30 01:30:28.766] [INFO ] 成功加载配置文件: config.json (默认方案: desktop, 规则数: 5, Profile数: 8)
[2026-08-30 01:30:28.766] [INFO ] 检测到上次非正常退出，正在等待华硕底层驱动通道就绪 (3 秒)...
[2026-08-30 01:30:31.780] [INFO ] 正在尝试挂载华硕底层驱动 AacKbHal_x64.dll (CLSID_ClaymoreHal)...
[2026-08-30 01:30:31.780] [INFO ] [Connect Step 3] GetProcAddress DllGetClassObject...
[2026-08-30 01:30:31.780] [INFO ] [Connect Step 4] Calling DllGetClassObject...
[2026-08-30 01:31:07.581] [WARN ] 【异常退出兜底】检测到上一次进程未正常退出（存在残留标记文件 .daemon_running），将在连接后执行强制复位！
[2026-08-30 01:31:07.583] [INFO ] 成功加载权威键位映射表: calibrated_keymap.json (共 68 个键位)
[2026-08-30 01:31:07.583] [INFO ] 成功加载配置文件: config.json (默认方案: desktop, 规则数: 5, Profile数: 8)
[2026-08-30 01:31:07.583] [INFO ] 检测到上次非正常退出，正在等待华硕底层驱动通道就绪 (3 秒)...
[2026-08-30 01:31:10.592] [INFO ] 正在尝试挂载华硕底层驱动 AacKbHal_x64.dll (CLSID_ClaymoreHal)...
[2026-08-30 01:31:10.592] [INFO ] [Connect Step 3] GetProcAddress DllGetClassObject...
[2026-08-30 01:31:10.592] [INFO ] [Connect Step 4] Calling DllGetClassObject...
[2026-08-30 01:31:10.747] [INFO ] [Connect Step 5] Calling CreateInstance...
[2026-08-30 01:31:12.243] [INFO ] [Connect Step 6] Calling SafeAccess...
[2026-08-30 01:31:12.243] [INFO ] HAL Access() 调用完成，返回值: 1920972784
[2026-08-30 01:31:13.712] [INFO ] CreateLedDevice 执行完成，检测到设备数量: 1
[2026-08-30 01:31:13.712] [INFO ] [+] 成功获取硬件控制权，ROG FALCHION ACE HFX 驱动通道已就绪！
[2026-08-30 01:31:13.712] [INFO ] 正在执行硬件状态强制复位...
[2026-08-30 01:31:14.025] [INFO ] [+] 硬件强制复位完成，残余光效已清理
[2026-08-30 01:31:14.025] [INFO ] [WebUI 监护] 网页服务后台监护线程已就绪
[2026-08-30 01:31:14.025] [INFO ] [+] ROG FALCHION ACE HFX 守护进程正在运行中 (按 Ctrl+C 优雅退出)...
[2026-08-30 01:31:14.025] [INFO ] 前台窗口监控线程启动成功 (事件驱动模式，无轮询)
[2026-08-30 01:31:14.025] [INFO ] 前台窗口切换 -> 进程: [桌面/未知] => 匹配灯效方案: [desktop]
[2026-08-30 01:31:14.031] [INFO ] [WebUI 监护] 网页配置服务进程已启动 (PID: 6084, 绑定端口: 127.0.0.1:19898)
[2026-08-30 01:31:28.012] [INFO ] 检测到配置文件已修改，正在执行热重载...
[2026-08-30 01:31:28.012] [INFO ] 成功加载配置文件: config.json (默认方案: desktop, 规则数: 5, Profile数: 8)
[2026-08-30 01:31:28.012] [INFO ] 配置热重载生效，当前活跃方案更新为: [desktop]
[2026-08-30 01:31:53.014] [INFO ] 检测到配置文件已修改，正在执行热重载...
[2026-08-30 01:31:53.015] [INFO ] 成功加载配置文件: config.json (默认方案: desktop, 规则数: 5, Profile数: 8)
[2026-08-30 01:31:53.015] [INFO ] 配置热重载生效，当前活跃方案更新为: [desktop]
[2026-08-30 01:31:58.005] [INFO ] 检测到配置文件已修改，正在执行热重载...
[2026-08-30 01:31:58.006] [INFO ] 成功加载配置文件: config.json (默认方案: desktop, 规则数: 5, Profile数: 8)
[2026-08-30 01:31:58.006] [INFO ] 配置热重载生效，当前活跃方案更新为: [desktop]
[2026-08-30 01:32:01.005] [INFO ] 检测到配置文件已修改，正在执行热重载...
[2026-08-30 01:32:01.006] [INFO ] 成功加载配置文件: config.json (默认方案: desktop, 规则数: 5, Profile数: 8)
[2026-08-30 01:32:01.006] [INFO ] 配置热重载生效，当前活跃方案更新为: [desktop]
[2026-08-30 01:32:14.051] [INFO ] [Hardware] [推流稳定性报告 第 1 分钟] 累计帧数: 1501, 瞬时FPS: 25.00, 平均FPS: 25.01, 物理内存WorkingSet: 12.78 MB, 提交内存PrivateBytes: 3.22 MB
[2026-08-30 01:32:15.006] [INFO ] 检测到配置文件已修改，正在执行热重载...
[2026-08-30 01:32:15.006] [INFO ] 成功加载配置文件: config.json (默认方案: desktop, 规则数: 5, Profile数: 8)
[2026-08-30 01:32:15.006] [INFO ] 配置热重载生效，当前活跃方案更新为: [desktop]
[2026-08-30 01:32:27.016] [INFO ] 检测到配置文件已修改，正在执行热重载...
[2026-08-30 01:32:27.016] [INFO ] 成功加载配置文件: config.json (默认方案: desktop, 规则数: 5, Profile数: 8)
[2026-08-30 01:32:27.016] [INFO ] 配置热重载生效，当前活跃方案更新为: [desktop]
[2026-08-30 01:33:14.097] [INFO ] [Hardware] [推流稳定性报告 第 2 分钟] 累计帧数: 3002, 瞬时FPS: 24.99, 平均FPS: 25.01, 物理内存WorkingSet: 12.82 MB, 提交内存PrivateBytes: 3.22 MB
[2026-08-30 01:34:14.134] [INFO ] [Hardware] [推流稳定性报告 第 3 分钟] 累计帧数: 4503, 瞬时FPS: 25.00, 平均FPS: 25.01, 物理内存WorkingSet: 12.82 MB, 提交内存PrivateBytes: 3.22 MB
[2026-08-30 01:35:14.179] [INFO ] [Hardware] [推流稳定性报告 第 4 分钟] 累计帧数: 6004, 瞬时FPS: 24.99, 平均FPS: 25.01, 物理内存WorkingSet: 12.82 MB, 提交内存PrivateBytes: 3.22 MB
[2026-08-30 01:36:14.210] [INFO ] [Hardware] [推流稳定性报告 第 5 分钟] 累计帧数: 7505, 瞬时FPS: 25.00, 平均FPS: 25.01, 物理内存WorkingSet: 12.99 MB, 提交内存PrivateBytes: 3.29 MB
[2026-08-30 01:37:14.253] [INFO ] [Hardware] [推流稳定性报告 第 6 分钟] 累计帧数: 9006, 瞬时FPS: 24.99, 平均FPS: 25.01, 物理内存WorkingSet: 13.00 MB, 提交内存PrivateBytes: 3.29 MB
[2026-08-30 01:37:35.009] [INFO ] 检测到配置文件已修改，正在执行热重载...
[2026-08-30 01:37:35.010] [INFO ] 成功加载配置文件: config.json (默认方案: desktop, 规则数: 5, Profile数: 8)
[2026-08-30 01:37:35.010] [INFO ] 配置热重载生效，当前活跃方案更新为: [desktop]
[2026-08-30 01:37:39.012] [INFO ] 检测到配置文件已修改，正在执行热重载...
[2026-08-30 01:37:39.013] [INFO ] 成功加载配置文件: config.json (默认方案: desktop, 规则数: 5, Profile数: 8)
[2026-08-30 01:37:39.013] [INFO ] 配置热重载生效，当前活跃方案更新为: [desktop]
[2026-08-30 01:38:14.257] [INFO ] [Hardware] [推流稳定性报告 第 7 分钟] 累计帧数: 10506, 瞬时FPS: 24.99, 平均FPS: 25.01, 物理内存WorkingSet: 12.96 MB, 提交内存PrivateBytes: 3.22 MB
[2026-08-30 01:39:14.287] [INFO ] [Hardware] [推流稳定性报告 第 8 分钟] 累计帧数: 12007, 瞬时FPS: 25.00, 平均FPS: 25.01, 物理内存WorkingSet: 12.96 MB, 提交内存PrivateBytes: 3.22 MB
[2026-08-30 01:40:14.290] [INFO ] [Hardware] [推流稳定性报告 第 9 分钟] 累计帧数: 13507, 瞬时FPS: 24.99, 平均FPS: 25.01, 物理内存WorkingSet: 12.96 MB, 提交内存PrivateBytes: 3.22 MB
[2026-08-30 01:41:14.294] [INFO ] [Hardware] [推流稳定性报告 第 10 分钟] 累计帧数: 15007, 瞬时FPS: 24.99, 平均FPS: 25.01, 物理内存WorkingSet: 13.01 MB, 提交内存PrivateBytes: 3.29 MB
[2026-08-30 01:42:14.310] [INFO ] [Hardware] [推流稳定性报告 第 11 分钟] 累计帧数: 16506, 瞬时FPS: 24.97, 平均FPS: 25.00, 物理内存WorkingSet: 13.01 MB, 提交内存PrivateBytes: 3.29 MB
[2026-08-30 01:42:40.279] [INFO ] 接收到系统中断信号 (0)，正在请求优雅退出...
[2026-08-30 01:42:40.295] [INFO ] 正在停止网页配置服务监护器...
[2026-08-30 01:42:40.295] [INFO ] [WebUI 监护] 正在通知网页服务平滑退出 (PID: 6084)...
[2026-08-30 01:42:40.312] [INFO ] [WebUI 监护] [+] 网页配置服务已平滑关闭 (PID: 6084)
[2026-08-30 01:42:40.312] [INFO ] 正在停止前台监控线程...
[2026-08-30 01:42:40.312] [INFO ] 前台窗口监控线程安全退出
[2026-08-30 01:42:40.312] [INFO ] 正在安全关闭 Aura 硬件连接...
[2026-08-30 01:42:40.483] [INFO ] [+] AuraAdapter 已安全关闭并释放所有 COM 资源
[2026-08-30 01:42:40.484] [INFO ] [+] 运行状态标记已清除 (.daemon_running 已删除)
[2026-08-30 01:42:40.484] [INFO ] [+] 守护进程已优雅退出，所有资源已安全释放。
[2026-08-30 03:36:35.495] [INFO ] ==========================================================
[2026-08-30 03:36:35.496] [INFO ] 开始执行 CreateLedDevice 内存安全与初始化循环压力测试
[2026-08-30 03:36:35.496] [INFO ] 测试目标: 连续执行 5 次完整的 COM 加载/建构/释放循环
[2026-08-30 03:36:35.496] [INFO ] ==========================================================
[2026-08-30 03:36:35.496] [INFO ] 初始内存占用 - WorkingSet: 10.00 MB, PrivateBytes: 2.34 MB
[2026-08-30 03:36:35.496] [INFO ] 正在尝试挂载华硕底层驱动 AacKbHal_x64.dll (CLSID_ClaymoreHal)...
[2026-08-30 03:36:35.496] [INFO ] [Connect Step 3] GetProcAddress DllGetClassObject...
[2026-08-30 03:36:35.496] [INFO ] [Connect Step 4] Calling DllGetClassObject...
[2026-08-30 03:37:00.047] [INFO ] ==========================================================
[2026-08-30 03:37:00.047] [INFO ] 开始执行 CreateLedDevice 内存安全与初始化循环压力测试
[2026-08-30 03:37:00.047] [INFO ] 测试目标: 连续执行 5 次完整的 COM 加载/建构/释放循环
[2026-08-30 03:37:00.047] [INFO ] ==========================================================
[2026-08-30 03:37:00.047] [INFO ] 初始内存占用 - WorkingSet: 9.54 MB, PrivateBytes: 2.29 MB
[2026-08-30 03:37:00.048] [INFO ] 正在尝试挂载华硕底层驱动 AacKbHal_x64.dll (CLSID_ClaymoreHal)...
[2026-08-30 03:37:00.048] [INFO ] [Connect Step 3] GetProcAddress DllGetClassObject...
[2026-08-30 03:37:00.048] [INFO ] [Connect Step 4] Calling DllGetClassObject...
[2026-08-30 03:37:22.302] [INFO ] ==========================================================
[2026-08-30 03:37:22.303] [INFO ] 开始执行 CreateLedDevice 内存安全与初始化循环压力测试
[2026-08-30 03:37:22.303] [INFO ] 测试目标: 连续执行 5 次完整的 COM 加载/建构/释放循环
[2026-08-30 03:37:22.303] [INFO ] ==========================================================
[2026-08-30 03:37:22.303] [INFO ] 初始内存占用 - WorkingSet: 9.54 MB, PrivateBytes: 2.29 MB
[2026-08-30 03:37:22.304] [INFO ] 正在尝试创建 CLSID_ClaymoreHal COM 实例...
[2026-08-30 03:37:38.319] [INFO ] ==========================================================
[2026-08-30 03:37:38.319] [INFO ] 开始执行 CreateLedDevice 内存安全与初始化循环压力测试
[2026-08-30 03:37:38.319] [INFO ] 测试目标: 连续执行 5 次完整的 COM 加载/建构/释放循环
[2026-08-30 03:37:38.320] [INFO ] ==========================================================
[2026-08-30 03:37:38.320] [INFO ] 初始内存占用 - WorkingSet: 9.57 MB, PrivateBytes: 2.33 MB
[2026-08-30 03:37:38.321] [INFO ] 正在尝试创建 CLSID_ClaymoreHal COM 实例...
[2026-08-30 03:37:44.762] [INFO ] ==========================================================
[2026-08-30 03:37:44.763] [INFO ] 开始执行 CreateLedDevice 内存安全与初始化循环压力测试
[2026-08-30 03:37:44.763] [INFO ] 测试目标: 连续执行 1 次完整的 COM 加载/建构/释放循环
[2026-08-30 03:37:44.763] [INFO ] ==========================================================
[2026-08-30 03:37:44.763] [INFO ] 初始内存占用 - WorkingSet: 9.54 MB, PrivateBytes: 2.31 MB
[2026-08-30 03:37:44.764] [INFO ] 正在尝试创建 CLSID_ClaymoreHal COM 实例...
[2026-08-30 03:38:49.241] [INFO ] ==========================================================
[2026-08-30 03:38:49.242] [INFO ] 开始执行 CreateLedDevice 内存安全与初始化循环压力测试
[2026-08-30 03:38:49.242] [INFO ] 测试目标: 连续执行 5 次完整的 COM 加载/建构/释放循环
[2026-08-30 03:38:49.242] [INFO ] ==========================================================
[2026-08-30 03:38:49.242] [INFO ] 初始内存占用 - WorkingSet: 9.54 MB, PrivateBytes: 2.29 MB
[2026-08-30 03:38:49.245] [INFO ] 正在尝试创建 CLSID_ClaymoreHal COM 实例...
[2026-08-30 03:39:29.093] [INFO ] ==========================================================
[2026-08-30 03:39:29.094] [INFO ] 开始执行 CreateLedDevice 内存安全与初始化循环压力测试
[2026-08-30 03:39:29.094] [INFO ] 测试目标: 连续执行 5 次完整的 COM 加载/建构/释放循环
[2026-08-30 03:39:29.094] [INFO ] ==========================================================
[2026-08-30 03:39:29.094] [INFO ] 初始内存占用 - WorkingSet: 10.46 MB, PrivateBytes: 2.39 MB
[2026-08-30 03:39:29.094] [INFO ] 正在尝试创建 CLSID_ClaymoreHal COM 实例...
[2026-08-30 03:39:30.006] [INFO ] [Connect Step 6] Calling CreateLedDevice...
[2026-08-30 03:39:30.706] [INFO ] CreateLedDevice 执行完成，检测到设备数量: 1
[2026-08-30 03:39:30.706] [INFO ] 成功加载权威键位映射表: calibrated_keymap.json (共 68 个键位)
[2026-08-30 03:39:30.706] [INFO ] 构建安全隔离硬件寻址表完成: 总条目 72 (含 68 物理键位 + USB 64字节边界隔离槽)
[2026-08-30 03:39:30.706] [INFO ] [+] 成功获取硬件控制权，ROG FALCHION ACE HFX 安全隔离驱动通道已就绪！
[2026-08-30 03:39:30.706] [INFO ] [Cycle 1/5] 成功! 耗时: 1612788 us, WorkingSet: 14.69 MB, PrivateBytes: 3.46 MB
[2026-08-30 03:39:30.706] [INFO ] 正在尝试创建 CLSID_ClaymoreHal COM 实例...
[2026-08-30 03:39:31.556] [INFO ] [Connect Step 6] Calling CreateLedDevice...
[2026-08-30 03:39:32.267] [INFO ] CreateLedDevice 执行完成，检测到设备数量: 1
[2026-08-30 03:39:32.267] [INFO ] [+] 成功获取硬件控制权，ROG FALCHION ACE HFX 安全隔离驱动通道已就绪！
[2026-08-30 03:39:32.267] [INFO ] 正在尝试创建 CLSID_ClaymoreHal COM 实例...
[2026-08-30 03:39:33.126] [INFO ] [Connect Step 6] Calling CreateLedDevice...
[2026-08-30 03:39:33.851] [INFO ] CreateLedDevice 执行完成，检测到设备数量: 1
[2026-08-30 03:39:33.851] [INFO ] [+] 成功获取硬件控制权，ROG FALCHION ACE HFX 安全隔离驱动通道已就绪！
[2026-08-30 03:39:33.851] [INFO ] 正在尝试创建 CLSID_ClaymoreHal COM 实例...
[2026-08-30 03:39:34.729] [INFO ] [Connect Step 6] Calling CreateLedDevice...
[2026-08-30 03:39:35.446] [INFO ] CreateLedDevice 执行完成，检测到设备数量: 1
[2026-08-30 03:39:35.446] [INFO ] [+] 成功获取硬件控制权，ROG FALCHION ACE HFX 安全隔离驱动通道已就绪！
[2026-08-30 03:39:35.446] [INFO ] 正在尝试创建 CLSID_ClaymoreHal COM 实例...
[2026-08-30 03:39:36.295] [INFO ] [Connect Step 6] Calling CreateLedDevice...
[2026-08-30 03:39:37.004] [INFO ] CreateLedDevice 执行完成，检测到设备数量: 1
[2026-08-30 03:39:37.004] [INFO ] [+] 成功获取硬件控制权，ROG FALCHION ACE HFX 安全隔离驱动通道已就绪！
[2026-08-30 03:39:37.004] [INFO ] [Cycle 5/5] 成功! 耗时: 1557911 us, WorkingSet: 16.25 MB, PrivateBytes: 5.34 MB
[2026-08-30 03:39:37.004] [INFO ] ==========================================================
[2026-08-30 03:39:37.004] [INFO ] 压测完成结果: 成功 5 次, 失败 0 次
[2026-08-30 03:39:37.004] [INFO ] 最终内存占用 - WorkingSet: 16.26 MB, PrivateBytes: 5.34 MB
[2026-08-30 03:39:37.004] [INFO ] ==========================================================
[2026-08-30 03:39:37.004] [INFO ] [+] AuraAdapter 已安全关闭并释放所有 COM 资源
[2026-08-30 03:39:51.473] [INFO ] ==========================================================
[2026-08-30 03:39:51.473] [INFO ] 开始执行 CreateLedDevice 内存安全与初始化循环压力测试
[2026-08-30 03:39:51.473] [INFO ] 测试目标: 连续执行 20 次完整的 COM 加载/建构/释放循环
[2026-08-30 03:39:51.473] [INFO ] ==========================================================
[2026-08-30 03:39:51.473] [INFO ] 初始内存占用 - WorkingSet: 10.46 MB, PrivateBytes: 2.38 MB
[2026-08-30 03:39:51.473] [INFO ] 正在尝试创建 CLSID_ClaymoreHal COM 实例...
[2026-08-30 03:40:04.948] [INFO ] ==========================================================
[2026-08-30 03:40:04.949] [INFO ] 开始执行 CreateLedDevice 内存安全与初始化循环压力测试
[2026-08-30 03:40:04.950] [INFO ] 测试目标: 连续执行 3 次完整的 COM 加载/建构/释放循环
[2026-08-30 03:40:04.950] [INFO ] ==========================================================
[2026-08-30 03:40:04.950] [INFO ] 初始内存占用 - WorkingSet: 10.49 MB, PrivateBytes: 2.43 MB
[2026-08-30 03:40:04.950] [INFO ] 正在尝试创建 CLSID_ClaymoreHal COM 实例...
[2026-08-30 03:40:09.947] [INFO ] ==========================================================
[2026-08-30 03:40:09.947] [INFO ] 开始执行 CreateLedDevice 内存安全与初始化循环压力测试
[2026-08-30 03:40:09.947] [INFO ] 测试目标: 连续执行 3 次完整的 COM 加载/建构/释放循环
[2026-08-30 03:40:09.947] [INFO ] ==========================================================
[2026-08-30 03:40:09.947] [INFO ] 初始内存占用 - WorkingSet: 10.46 MB, PrivateBytes: 2.39 MB
[2026-08-30 03:40:09.947] [INFO ] 正在尝试创建 CLSID_ClaymoreHal COM 实例...
[2026-08-30 03:41:26.137] [INFO ] ==========================================================
[2026-08-30 03:41:26.138] [INFO ] 开始执行 CreateLedDevice 内存安全与初始化循环压力测试
[2026-08-30 03:41:26.138] [INFO ] 测试目标: 连续执行 5 次完整的 COM 加载/建构/释放循环
[2026-08-30 03:41:26.138] [INFO ] ==========================================================
[2026-08-30 03:41:26.138] [INFO ] 初始内存占用 - WorkingSet: 10.45 MB, PrivateBytes: 2.38 MB
[2026-08-30 03:41:26.138] [INFO ] 正在尝试创建 CLSID_ClaymoreHal COM 实例...
[2026-08-30 03:41:53.157] [INFO ] ==========================================================
[2026-08-30 03:41:53.157] [INFO ] 开始执行 CreateLedDevice 内存安全与初始化循环压力测试
[2026-08-30 03:41:53.157] [INFO ] 测试目标: 连续执行 1 次完整的 COM 加载/建构/释放循环
[2026-08-30 03:41:53.157] [INFO ] ==========================================================
[2026-08-30 03:41:53.157] [INFO ] 初始内存占用 - WorkingSet: 10.46 MB, PrivateBytes: 2.37 MB
[2026-08-30 03:41:53.157] [INFO ] 正在尝试创建 CLSID_ClaymoreHal COM 实例...
[2026-08-30 03:42:37.200] [INFO ] 成功加载权威键位映射表: calibrated_keymap.json (共 68 个键位)
[2026-08-30 03:42:37.201] [INFO ] 成功加载配置文件: config.json (默认方案: desktop, 规则数: 5, Profile数: 8)
[2026-08-30 03:42:37.201] [INFO ] 构建安全隔离硬件寻址表完成: 总条目 72 (含 68 物理键位 + USB 64字节边界隔离槽)
[2026-08-30 03:42:37.201] [INFO ] [Dry-Run] AuraAdapter 初始化完成 (虚拟硬件模式，不挂载实际 DLL)
[2026-08-30 03:42:37.201] [INFO ] [WebUI 监护] 网页服务后台监护线程已就绪
[2026-08-30 03:42:37.201] [INFO ] [+] ROG FALCHION ACE HFX 守护进程正在运行中 (按 Ctrl+C 优雅退出)...
[2026-08-30 03:42:37.201] [INFO ] [Dry-Run 效果帧 #1] 活跃通道数: 0/128 | 典型通道色彩: 
[2026-08-30 03:42:37.202] [INFO ] 前台窗口监控线程启动成功 (事件驱动模式，无轮询)
[2026-08-30 03:42:37.202] [INFO ] 前台窗口切换 -> 进程: [桌面/未知] => 匹配灯效方案: [desktop]
[2026-08-30 03:42:37.213] [INFO ] [WebUI 监护] 网页配置服务进程已启动 (PID: 29992, 绑定端口: 127.0.0.1:19898)
[2026-08-30 03:42:38.202] [INFO ] [Dry-Run 效果帧 #26] 活跃通道数: 0/128 | 典型通道色彩: 
[2026-08-30 03:42:39.202] [INFO ] [Dry-Run 效果帧 #51] 活跃通道数: 0/128 | 典型通道色彩: 
[2026-08-30 03:42:40.203] [INFO ] [Dry-Run 效果帧 #76] 活跃通道数: 0/128 | 典型通道色彩: 
[2026-08-30 03:42:41.203] [INFO ] [Dry-Run 效果帧 #101] 活跃通道数: 0/128 | 典型通道色彩: 
[2026-08-30 03:42:42.203] [INFO ] [Dry-Run 效果帧 #126] 活跃通道数: 0/128 | 典型通道色彩: 
[2026-08-30 03:42:43.203] [INFO ] [Dry-Run 效果帧 #151] 活跃通道数: 0/128 | 典型通道色彩: 
[2026-08-30 03:42:44.202] [INFO ] [Dry-Run 效果帧 #176] 活跃通道数: 0/128 | 典型通道色彩: 
[2026-08-30 03:42:45.203] [INFO ] [Dry-Run 效果帧 #201] 活跃通道数: 0/128 | 典型通道色彩: 
[2026-08-30 03:42:46.202] [INFO ] [Dry-Run 效果帧 #226] 活跃通道数: 0/128 | 典型通道色彩: 
[2026-08-30 03:42:55.499] [INFO ] 成功加载权威键位映射表: calibrated_keymap.json (共 68 个键位)
[2026-08-30 03:42:55.500] [INFO ] 成功加载配置文件: config.json (默认方案: desktop, 规则数: 5, Profile数: 8)
[2026-08-30 03:42:55.500] [INFO ] 构建安全隔离硬件寻址表完成: 总条目 72 (含 68 物理键位 + USB 64字节边界隔离槽)
[2026-08-30 03:42:55.500] [INFO ] 正在尝试创建 CLSID_ClaymoreHal COM 实例...
[2026-08-30 03:43:21.175] [INFO ] ==========================================================
[2026-08-30 03:43:21.176] [INFO ] 开始执行 CreateLedDevice 内存安全与初始化循环压力测试
[2026-08-30 03:43:21.176] [INFO ] 测试目标: 连续执行 5 次完整的 COM 加载/建构/释放循环
[2026-08-30 03:43:21.176] [INFO ] ==========================================================
[2026-08-30 03:43:21.176] [INFO ] 初始内存占用 - WorkingSet: 10.46 MB, PrivateBytes: 2.38 MB
[2026-08-30 03:43:21.176] [INFO ] 正在尝试创建 CLSID_ClaymoreHal COM 实例...
[2026-08-30 03:43:43.141] [INFO ] ==========================================================
[2026-08-30 03:43:43.141] [INFO ] 开始执行 CreateLedDevice 内存安全与初始化循环压力测试
[2026-08-30 03:43:43.141] [INFO ] 测试目标: 连续执行 5 次完整的 COM 加载/建构/释放循环
[2026-08-30 03:43:43.141] [INFO ] ==========================================================
[2026-08-30 03:43:43.141] [INFO ] 初始内存占用 - WorkingSet: 9.54 MB, PrivateBytes: 2.30 MB
[2026-08-30 03:43:43.143] [INFO ] 正在尝试创建 CLSID_ClaymoreHal COM 实例...
[2026-08-30 03:43:59.994] [INFO ] ==========================================================
[2026-08-30 03:43:59.995] [INFO ] 开始执行 CreateLedDevice 内存安全与初始化循环压力测试
[2026-08-30 03:43:59.995] [INFO ] 测试目标: 连续执行 5 次完整的 COM 加载/建构/释放循环
[2026-08-30 03:43:59.995] [INFO ] ==========================================================
[2026-08-30 03:43:59.995] [INFO ] 初始内存占用 - WorkingSet: 9.57 MB, PrivateBytes: 2.33 MB
[2026-08-30 03:43:59.997] [INFO ] 正在尝试创建 CLSID_ClaymoreHal COM 实例...
[2026-08-30 03:44:15.994] [INFO ] ==========================================================
[2026-08-30 03:44:15.994] [INFO ] 开始执行 CreateLedDevice 内存安全与初始化循环压力测试
[2026-08-30 03:44:15.994] [INFO ] 测试目标: 连续执行 5 次完整的 COM 加载/建构/释放循环
[2026-08-30 03:44:15.994] [INFO ] ==========================================================
[2026-08-30 03:44:15.994] [INFO ] 初始内存占用 - WorkingSet: 10.46 MB, PrivateBytes: 2.38 MB
[2026-08-30 03:44:15.994] [INFO ] 正在尝试创建 CLSID_ClaymoreHal COM 实例...
[2026-08-30 03:45:00.644] [INFO ] ==========================================================
[2026-08-30 03:45:00.645] [INFO ] 开始执行 CreateLedDevice 内存安全与初始化循环压力测试
[2026-08-30 03:45:00.645] [INFO ] 测试目标: 连续执行 5 次完整的 COM 加载/建构/释放循环
[2026-08-30 03:45:00.645] [INFO ] ==========================================================
[2026-08-30 03:45:00.645] [INFO ] 初始内存占用 - WorkingSet: 10.46 MB, PrivateBytes: 2.38 MB
[2026-08-30 03:45:30.607] [INFO ] ==========================================================
[2026-08-30 03:45:30.608] [INFO ] 开始执行 CreateLedDevice 内存安全与初始化循环压力测试
[2026-08-30 03:45:30.608] [INFO ] 测试目标: 连续执行 1 次完整的 COM 加载/建构/释放循环
[2026-08-30 03:45:30.608] [INFO ] ==========================================================
[2026-08-30 03:45:30.608] [INFO ] 初始内存占用 - WorkingSet: 10.46 MB, PrivateBytes: 2.39 MB
[2026-08-30 03:45:30.608] [INFO ] [Connect] Step 1: Entering ConnectHardwareInternal
[2026-08-30 03:45:30.608] [INFO ] [Connect] Step 2: ReleaseHardwareInternal done
[2026-08-30 03:45:30.608] [INFO ] [Connect] Step 3: CoInitialize done
[2026-08-30 03:45:30.608] [INFO ] [Connect] Step 4: LoadLibrary done, hHalMod=140714466082816
[2026-08-30 03:45:30.608] [INFO ] [Connect] Step 5: CLSIDFromString done
[2026-08-30 03:45:30.608] [INFO ] [Connect] Step 6: Calling CoCreateInstance...
[2026-08-30 03:46:20.150] [INFO ] ==========================================================
[2026-08-30 03:46:20.150] [INFO ] 开始执行 CreateLedDevice 内存安全与初始化循环压力测试
[2026-08-30 03:46:20.150] [INFO ] 测试目标: 连续执行 5 次完整的 COM 加载/建构/释放循环
[2026-08-30 03:46:20.150] [INFO ] ==========================================================
[2026-08-30 03:46:20.150] [INFO ] 初始内存占用 - WorkingSet: 10.46 MB, PrivateBytes: 2.38 MB
[2026-08-30 03:46:20.150] [INFO ] [Connect] Step 1: Entering ConnectHardwareInternal
[2026-08-30 03:46:20.150] [INFO ] [Connect] Step 2: ReleaseHardwareInternal done
[2026-08-30 03:46:20.150] [INFO ] [Connect] Step 3: CoInitialize done
[2026-08-30 03:46:20.150] [INFO ] [Connect] Step 4: LoadLibrary done, hHalMod=140714686349312
[2026-08-30 03:46:20.150] [INFO ] [Connect] Step 5: CLSIDFromString done
[2026-08-30 03:46:20.150] [INFO ] [Connect] Step 6: Calling CoCreateInstance...
[2026-08-30 03:48:52.472] [WARN ] 【异常退出兜底】检测到上一次进程未正常退出（存在残留标记文件 .daemon_running），将在连接后执行强制复位！
[2026-08-30 03:48:52.473] [INFO ] 成功加载权威键位映射表: calibrated_keymap.json (共 68 个键位)
[2026-08-30 03:48:52.474] [INFO ] 成功加载配置文件: config.json (默认方案: desktop, 规则数: 5, Profile数: 8)
[2026-08-30 03:48:52.474] [INFO ] 检测到上次非正常退出，正在等待华硕底层驱动通道就绪 (3 秒)...
[2026-08-30 03:48:55.475] [INFO ] 构建安全隔离硬件寻址表完成: 总条目 72 (含 68 物理键位 + USB 64字节边界隔离槽)
[2026-08-30 03:48:55.475] [INFO ] [Connect] Step 1: Entering ConnectHardwareInternal
[2026-08-30 03:48:55.475] [INFO ] [Connect] Step 2: ReleaseHardwareInternal done
[2026-08-30 03:48:55.475] [INFO ] [Connect] Step 3: CoInitialize done
[2026-08-30 03:48:55.475] [INFO ] [Connect] Step 4: LoadLibrary done, hHalMod=140714686349312
[2026-08-30 03:48:55.475] [INFO ] [Connect] Step 5: CLSIDFromString done
[2026-08-30 03:48:55.475] [INFO ] [Connect] Step 6: Calling CoCreateInstance...
[2026-08-30 03:51:02.675] [INFO ] ==========================================================
[2026-08-30 03:51:02.676] [INFO ] 开始执行 CreateLedDevice 内存安全与初始化循环压力测试
[2026-08-30 03:51:02.676] [INFO ] 测试目标: 连续执行 5 次完整的 COM 加载/建构/释放循环
[2026-08-30 03:51:02.676] [INFO ] ==========================================================
[2026-08-30 03:51:02.676] [INFO ] 初始内存占用 - WorkingSet: 10.46 MB, PrivateBytes: 2.38 MB
[2026-08-30 03:51:02.676] [INFO ] [Connect] Step 1: Entering ConnectHardwareInternal
[2026-08-30 03:51:02.676] [INFO ] [Connect] Step 2: ReleaseHardwareInternal done
[2026-08-30 03:51:02.676] [INFO ] [Connect] Step 3: CoInitialize done
[2026-08-30 03:51:02.676] [INFO ] [Connect] Step 4: LoadLibrary done, hHalMod=140714686349312
[2026-08-30 03:51:02.676] [INFO ] [Connect] Step 5: CLSIDFromString done
[2026-08-30 03:51:02.676] [INFO ] [Connect] Step 6: Calling CoCreateInstance...
[2026-08-30 03:52:45.335] [INFO ] ==========================================================
[2026-08-30 03:52:45.336] [INFO ] 开始执行 CreateLedDevice 内存安全与初始化循环压力测试
[2026-08-30 03:52:45.336] [INFO ] 测试目标: 连续执行 5 次完整的 COM 加载/建构/释放循环
[2026-08-30 03:52:45.336] [INFO ] ==========================================================
[2026-08-30 03:52:45.336] [INFO ] 初始内存占用 - WorkingSet: 10.46 MB, PrivateBytes: 2.39 MB
[2026-08-30 03:52:45.336] [INFO ] [Connect] Step 1: Entering ConnectHardwareInternal
[2026-08-30 03:52:45.336] [INFO ] [Connect] Step 2: ReleaseHardwareInternal done
[2026-08-30 03:52:45.336] [INFO ] [Connect] Step 3: CoInitialize done
[2026-08-30 03:52:45.336] [INFO ] [Connect] Step 4: LoadLibrary done, hHalMod=140714466082816
[2026-08-30 03:52:45.336] [INFO ] [Connect] Step 5: CLSIDFromString done
[2026-08-30 03:52:45.336] [INFO ] [Connect] Step 6: Calling CoCreateInstance...
[2026-08-30 03:52:46.211] [INFO ] [Connect] Step 7: CoCreateInstance done, hr=0
[2026-08-30 03:52:46.211] [INFO ] [Connect Step 6] Calling CreateLedDevice...
[2026-08-30 03:52:46.950] [INFO ] CreateLedDevice 执行完成，检测到设备数量: 1
[2026-08-30 03:52:46.950] [INFO ] 成功加载权威键位映射表: calibrated_keymap.json (共 68 个键位)
[2026-08-30 03:52:46.950] [INFO ] 构建安全隔离硬件寻址表完成: 总条目 72 (含 68 物理键位 + USB 64字节边界隔离槽)
[2026-08-30 03:52:46.950] [INFO ] [+] 成功获取硬件控制权，ROG FALCHION ACE HFX 安全隔离驱动通道已就绪！
[2026-08-30 03:52:46.950] [INFO ] [Cycle 1/5] 成功! 耗时: 1614112 us, WorkingSet: 14.67 MB, PrivateBytes: 3.44 MB
[2026-08-30 03:52:46.950] [INFO ] [Connect] Step 1: Entering ConnectHardwareInternal
[2026-08-30 03:52:46.950] [INFO ] [Connect] Step 2: ReleaseHardwareInternal done
[2026-08-30 03:52:46.950] [INFO ] [Connect] Step 3: CoInitialize done
[2026-08-30 03:52:46.950] [INFO ] [Connect] Step 4: LoadLibrary done, hHalMod=140714466082816
[2026-08-30 03:52:46.950] [INFO ] [Connect] Step 5: CLSIDFromString done
[2026-08-30 03:52:46.950] [INFO ] [Connect] Step 6: Calling CoCreateInstance...
[2026-08-30 03:52:47.820] [INFO ] [Connect] Step 7: CoCreateInstance done, hr=0
[2026-08-30 03:52:47.820] [INFO ] [Connect Step 6] Calling CreateLedDevice...
[2026-08-30 03:52:48.576] [INFO ] CreateLedDevice 执行完成，检测到设备数量: 1
[2026-08-30 03:52:48.576] [INFO ] [+] 成功获取硬件控制权，ROG FALCHION ACE HFX 安全隔离驱动通道已就绪！
[2026-08-30 03:52:48.576] [INFO ] [Connect] Step 1: Entering ConnectHardwareInternal
[2026-08-30 03:52:48.577] [INFO ] [Connect] Step 2: ReleaseHardwareInternal done
[2026-08-30 03:52:48.577] [INFO ] [Connect] Step 3: CoInitialize done
[2026-08-30 03:52:48.577] [INFO ] [Connect] Step 4: LoadLibrary done, hHalMod=140714466082816
[2026-08-30 03:52:48.577] [INFO ] [Connect] Step 5: CLSIDFromString done
[2026-08-30 03:52:48.577] [INFO ] [Connect] Step 6: Calling CoCreateInstance...
[2026-08-30 03:52:49.488] [INFO ] [Connect] Step 7: CoCreateInstance done, hr=0
[2026-08-30 03:52:49.488] [INFO ] [Connect Step 6] Calling CreateLedDevice...
[2026-08-30 03:52:50.194] [INFO ] CreateLedDevice 执行完成，检测到设备数量: 1
[2026-08-30 03:52:50.194] [INFO ] [+] 成功获取硬件控制权，ROG FALCHION ACE HFX 安全隔离驱动通道已就绪！
[2026-08-30 03:52:50.194] [INFO ] [Connect] Step 1: Entering ConnectHardwareInternal
[2026-08-30 03:52:50.194] [INFO ] [Connect] Step 2: ReleaseHardwareInternal done
[2026-08-30 03:52:50.194] [INFO ] [Connect] Step 3: CoInitialize done
[2026-08-30 03:52:50.194] [INFO ] [Connect] Step 4: LoadLibrary done, hHalMod=140714466082816
[2026-08-30 03:52:50.194] [INFO ] [Connect] Step 5: CLSIDFromString done
[2026-08-30 03:52:50.194] [INFO ] [Connect] Step 6: Calling CoCreateInstance...
[2026-08-30 03:52:51.054] [INFO ] [Connect] Step 7: CoCreateInstance done, hr=0
[2026-08-30 03:52:51.054] [INFO ] [Connect Step 6] Calling CreateLedDevice...
[2026-08-30 03:52:51.770] [INFO ] CreateLedDevice 执行完成，检测到设备数量: 1
[2026-08-30 03:52:51.770] [INFO ] [+] 成功获取硬件控制权，ROG FALCHION ACE HFX 安全隔离驱动通道已就绪！
[2026-08-30 03:52:51.770] [INFO ] [Connect] Step 1: Entering ConnectHardwareInternal
[2026-08-30 03:52:51.770] [INFO ] [Connect] Step 2: ReleaseHardwareInternal done
[2026-08-30 03:52:51.770] [INFO ] [Connect] Step 3: CoInitialize done
[2026-08-30 03:52:51.770] [INFO ] [Connect] Step 4: LoadLibrary done, hHalMod=140714466082816
[2026-08-30 03:52:51.770] [INFO ] [Connect] Step 5: CLSIDFromString done
[2026-08-30 03:52:51.770] [INFO ] [Connect] Step 6: Calling CoCreateInstance...
[2026-08-30 03:52:52.622] [INFO ] [Connect] Step 7: CoCreateInstance done, hr=0
[2026-08-30 03:52:52.622] [INFO ] [Connect Step 6] Calling CreateLedDevice...
[2026-08-30 03:52:53.333] [INFO ] CreateLedDevice 执行完成，检测到设备数量: 1
[2026-08-30 03:52:53.333] [INFO ] [+] 成功获取硬件控制权，ROG FALCHION ACE HFX 安全隔离驱动通道已就绪！
[2026-08-30 03:52:53.333] [INFO ] [Cycle 5/5] 成功! 耗时: 1563680 us, WorkingSet: 16.23 MB, PrivateBytes: 5.30 MB
[2026-08-30 03:52:53.333] [INFO ] ==========================================================
[2026-08-30 03:52:53.333] [INFO ] 压测完成结果: 成功 5 次, 失败 0 次
[2026-08-30 03:52:53.333] [INFO ] 最终内存占用 - WorkingSet: 16.23 MB, PrivateBytes: 5.30 MB
[2026-08-30 03:52:53.333] [INFO ] ==========================================================
[2026-08-30 03:52:53.333] [INFO ] [+] AuraAdapter 已安全关闭并释放所有 COM 资源
[2026-08-30 03:53:33.488] [INFO ] ==========================================================
[2026-08-30 03:53:33.489] [INFO ] 开始执行 CreateLedDevice 内存安全与初始化循环压力测试
[2026-08-30 03:53:33.489] [INFO ] 测试目标: 连续执行 5 次完整的 COM 加载/建构/释放循环
[2026-08-30 03:53:33.489] [INFO ] ==========================================================
[2026-08-30 03:53:33.489] [INFO ] 初始内存占用 - WorkingSet: 10.48 MB, PrivateBytes: 2.41 MB
[2026-08-30 03:53:46.371] [INFO ] ==========================================================
[2026-08-30 03:53:46.371] [INFO ] 开始执行 CreateLedDevice 内存安全与初始化循环压力测试
[2026-08-30 03:53:46.371] [INFO ] 测试目标: 连续执行 5 次完整的 COM 加载/建构/释放循环
[2026-08-30 03:53:46.371] [INFO ] ==========================================================
[2026-08-30 03:53:46.371] [INFO ] 初始内存占用 - WorkingSet: 10.52 MB, PrivateBytes: 2.47 MB
[2026-08-30 03:54:13.101] [INFO ] ==========================================================
[2026-08-30 03:54:13.102] [INFO ] 开始执行 CreateLedDevice 内存安全与初始化循环压力测试
[2026-08-30 03:54:13.102] [INFO ] 测试目标: 连续执行 5 次完整的 COM 加载/建构/释放循环
[2026-08-30 03:54:13.102] [INFO ] ==========================================================
[2026-08-30 03:54:13.102] [INFO ] 初始内存占用 - WorkingSet: 10.46 MB, PrivateBytes: 2.39 MB
[2026-08-30 03:54:13.102] [INFO ] 正在尝试创建 CLSID_ClaymoreHal COM 实例...
[2026-08-30 03:54:58.701] [INFO ] ==========================================================
[2026-08-30 03:54:58.702] [INFO ] 开始执行 CreateLedDevice 内存安全与初始化循环压力测试
[2026-08-30 03:54:58.702] [INFO ] 测试目标: 连续执行 5 次完整的 COM 加载/建构/释放循环
[2026-08-30 03:54:58.702] [INFO ] ==========================================================
[2026-08-30 03:54:58.702] [INFO ] 初始内存占用 - WorkingSet: 10.47 MB, PrivateBytes: 2.39 MB
[2026-08-30 03:54:58.702] [INFO ] 正在尝试创建 CLSID_ClaymoreHal COM 实例...
[2026-08-30 03:54:59.556] [INFO ] [Connect Step 6] Calling CreateLedDevice...
[2026-08-30 03:55:00.256] [INFO ] CreateLedDevice 执行完成，检测到设备数量: 1
[2026-08-30 03:55:00.257] [INFO ] 成功加载权威键位映射表: calibrated_keymap.json (共 68 个键位)
[2026-08-30 03:55:00.257] [INFO ] 构建安全隔离硬件寻址表完成: 总条目 72 (含 68 物理键位 + USB 64字节边界隔离槽)
[2026-08-30 03:55:00.257] [INFO ] [+] 成功获取硬件控制权，ROG FALCHION ACE HFX 安全隔离驱动通道已就绪！
[2026-08-30 03:55:00.257] [INFO ] [Cycle 1/5] 成功! 耗时: 1555089 us, WorkingSet: 14.67 MB, PrivateBytes: 3.34 MB
[2026-08-30 03:55:00.308] [INFO ] 正在尝试创建 CLSID_ClaymoreHal COM 实例...
[2026-08-30 03:55:01.151] [INFO ] [Connect Step 6] Calling CreateLedDevice...
[2026-08-30 03:55:01.859] [INFO ] CreateLedDevice 执行完成，检测到设备数量: 1
[2026-08-30 03:55:01.860] [INFO ] [+] 成功获取硬件控制权，ROG FALCHION ACE HFX 安全隔离驱动通道已就绪！
[2026-08-30 03:55:01.910] [INFO ] 正在尝试创建 CLSID_ClaymoreHal COM 实例...
[2026-08-30 03:55:02.770] [INFO ] [Connect Step 6] Calling CreateLedDevice...
[2026-08-30 03:55:03.492] [INFO ] CreateLedDevice 执行完成，检测到设备数量: 1
[2026-08-30 03:55:03.492] [INFO ] [+] 成功获取硬件控制权，ROG FALCHION ACE HFX 安全隔离驱动通道已就绪！
[2026-08-30 03:55:03.543] [INFO ] 正在尝试创建 CLSID_ClaymoreHal COM 实例...
[2026-08-30 03:55:04.416] [INFO ] [Connect Step 6] Calling CreateLedDevice...
[2026-08-30 03:55:05.156] [INFO ] CreateLedDevice 执行完成，检测到设备数量: 1
[2026-08-30 03:55:05.156] [INFO ] [+] 成功获取硬件控制权，ROG FALCHION ACE HFX 安全隔离驱动通道已就绪！
[2026-08-30 03:55:05.206] [INFO ] 正在尝试创建 CLSID_ClaymoreHal COM 实例...
[2026-08-30 03:55:06.134] [INFO ] [Connect Step 6] Calling CreateLedDevice...
[2026-08-30 03:55:06.904] [INFO ] CreateLedDevice 执行完成，检测到设备数量: 1
[2026-08-30 03:55:06.904] [INFO ] [+] 成功获取硬件控制权，ROG FALCHION ACE HFX 安全隔离驱动通道已就绪！
[2026-08-30 03:55:06.904] [INFO ] [Cycle 5/5] 成功! 耗时: 1698332 us, WorkingSet: 16.21 MB, PrivateBytes: 5.14 MB
[2026-08-30 03:55:06.955] [INFO ] ==========================================================
[2026-08-30 03:55:06.955] [INFO ] 压测完成结果: 成功 5 次, 失败 0 次
[2026-08-30 03:55:06.955] [INFO ] 最终内存占用 - WorkingSet: 16.21 MB, PrivateBytes: 5.14 MB
[2026-08-30 03:55:06.955] [INFO ] ==========================================================
[2026-08-30 03:55:06.955] [INFO ] [+] AuraAdapter 已安全关闭并释放所有 COM 资源
[2026-08-30 03:55:10.160] [INFO ] ==========================================================
[2026-08-30 03:55:10.161] [INFO ] 开始执行 CreateLedDevice 内存安全与初始化循环压力测试
[2026-08-30 03:55:10.161] [INFO ] 测试目标: 连续执行 10 次完整的 COM 加载/建构/释放循环
[2026-08-30 03:55:10.161] [INFO ] ==========================================================
[2026-08-30 03:55:10.161] [INFO ] 初始内存占用 - WorkingSet: 10.46 MB, PrivateBytes: 2.39 MB
[2026-08-30 03:55:10.162] [INFO ] 正在尝试创建 CLSID_ClaymoreHal COM 实例...
[2026-08-30 03:55:24.448] [INFO ] ==========================================================
[2026-08-30 03:55:24.448] [INFO ] 开始执行 CreateLedDevice 内存安全与初始化循环压力测试
[2026-08-30 03:55:24.448] [INFO ] 测试目标: 连续执行 5 次完整的 COM 加载/建构/释放循环
[2026-08-30 03:55:24.448] [INFO ] ==========================================================
[2026-08-30 03:55:24.448] [INFO ] 初始内存占用 - WorkingSet: 10.47 MB, PrivateBytes: 2.39 MB
[2026-08-30 03:55:24.448] [INFO ] 正在尝试创建 CLSID_ClaymoreHal COM 实例...
[2026-08-30 03:55:25.298] [INFO ] [Connect Step 6] Calling CreateLedDevice...
[2026-08-30 03:55:26.000] [INFO ] CreateLedDevice 执行完成，检测到设备数量: 1
[2026-08-30 03:55:26.001] [INFO ] 成功加载权威键位映射表: calibrated_keymap.json (共 68 个键位)
[2026-08-30 03:55:26.001] [INFO ] 构建安全隔离硬件寻址表完成: 总条目 72 (含 68 物理键位 + USB 64字节边界隔离槽)
[2026-08-30 03:55:26.001] [INFO ] [+] 成功获取硬件控制权，ROG FALCHION ACE HFX 安全隔离驱动通道已就绪！
[2026-08-30 03:55:26.001] [INFO ] [Cycle 1/5] 成功! 耗时: 1552411 us, WorkingSet: 14.67 MB, PrivateBytes: 3.46 MB
[2026-08-30 03:55:26.052] [INFO ] 正在尝试创建 CLSID_ClaymoreHal COM 实例...
[2026-08-30 03:55:26.899] [INFO ] [Connect Step 6] Calling CreateLedDevice...
[2026-08-30 03:55:27.605] [INFO ] CreateLedDevice 执行完成，检测到设备数量: 1
[2026-08-30 03:55:27.605] [INFO ] [+] 成功获取硬件控制权，ROG FALCHION ACE HFX 安全隔离驱动通道已就绪！
[2026-08-30 03:55:27.656] [INFO ] 正在尝试创建 CLSID_ClaymoreHal COM 实例...
[2026-08-30 03:55:28.510] [INFO ] [Connect Step 6] Calling CreateLedDevice...
[2026-08-30 03:55:29.221] [INFO ] CreateLedDevice 执行完成，检测到设备数量: 1
[2026-08-30 03:55:29.221] [INFO ] [+] 成功获取硬件控制权，ROG FALCHION ACE HFX 安全隔离驱动通道已就绪！
[2026-08-30 03:55:29.272] [INFO ] 正在尝试创建 CLSID_ClaymoreHal COM 实例...
[2026-08-30 03:55:30.137] [INFO ] [Connect Step 6] Calling CreateLedDevice...
[2026-08-30 03:55:30.853] [INFO ] CreateLedDevice 执行完成，检测到设备数量: 1
[2026-08-30 03:55:30.853] [INFO ] [+] 成功获取硬件控制权，ROG FALCHION ACE HFX 安全隔离驱动通道已就绪！
[2026-08-30 03:55:30.903] [INFO ] 正在尝试创建 CLSID_ClaymoreHal COM 实例...
[2026-08-30 03:55:31.774] [INFO ] [Connect Step 6] Calling CreateLedDevice...
[2026-08-30 03:55:32.490] [INFO ] CreateLedDevice 执行完成，检测到设备数量: 1
[2026-08-30 03:55:32.490] [INFO ] [+] 成功获取硬件控制权，ROG FALCHION ACE HFX 安全隔离驱动通道已就绪！
[2026-08-30 03:55:32.490] [INFO ] [Cycle 5/5] 成功! 耗时: 1586343 us, WorkingSet: 16.25 MB, PrivateBytes: 5.23 MB
[2026-08-30 03:55:32.540] [INFO ] ==========================================================
[2026-08-30 03:55:32.540] [INFO ] 压测完成结果: 成功 5 次, 失败 0 次
[2026-08-30 03:55:32.540] [INFO ] 最终内存占用 - WorkingSet: 16.25 MB, PrivateBytes: 5.23 MB
[2026-08-30 03:55:32.540] [INFO ] ==========================================================
[2026-08-30 03:55:32.540] [INFO ] [+] AuraAdapter 已安全关闭并释放所有 COM 资源
[2026-08-30 03:55:42.673] [INFO ] 成功加载权威键位映射表: calibrated_keymap.json (共 68 个键位)
[2026-08-30 03:55:42.674] [INFO ] 成功加载配置文件: config.json (默认方案: desktop, 规则数: 5, Profile数: 8)
[2026-08-30 03:55:42.674] [INFO ] 构建安全隔离硬件寻址表完成: 总条目 72 (含 68 物理键位 + USB 64字节边界隔离槽)
[2026-08-30 03:55:42.674] [INFO ] 正在尝试创建 CLSID_ClaymoreHal COM 实例...
[2026-08-30 03:55:43.524] [INFO ] [Connect Step 6] Calling CreateLedDevice...
[2026-08-30 03:55:44.231] [INFO ] CreateLedDevice 执行完成，检测到设备数量: 1
[2026-08-30 03:55:44.231] [INFO ] [+] 成功获取硬件控制权，ROG FALCHION ACE HFX 安全隔离驱动通道已就绪！
[2026-08-30 03:55:44.231] [INFO ] [WebUI 监护] 网页服务后台监护线程已就绪
[2026-08-30 03:55:44.231] [INFO ] [+] ROG FALCHION ACE HFX 守护进程正在运行中 (按 Ctrl+C 优雅退出)...
[2026-08-30 03:55:44.232] [INFO ] 前台窗口监控线程启动成功 (事件驱动模式，无轮询)
[2026-08-30 03:55:44.232] [INFO ] 前台窗口切换 -> 进程: [桌面/未知] => 匹配灯效方案: [desktop]
[2026-08-30 03:55:44.238] [INFO ] [WebUI 监护] 网页配置服务进程已启动 (PID: 22428, 绑定端口: 127.0.0.1:19898)
[2026-08-30 04:49:02.815] [INFO ] 成功加载权威键位映射表: calibrated_keymap.json (共 68 个键位)
[2026-08-30 04:49:02.816] [INFO ] 成功加载配置文件: config.json (默认方案: desktop, 规则数: 5, Profile数: 8)
[2026-08-30 04:49:02.816] [INFO ] 构建安全隔离硬件寻址表完成: 总条目 72 (含 68 物理键位 + USB 64字节边界隔离槽)
[2026-08-30 04:49:02.816] [INFO ] 正在尝试创建 CLSID_ClaymoreHal COM 实例...
[2026-08-30 04:49:03.679] [INFO ] [Connect Step 6] Calling CreateLedDevice...
[2026-08-30 04:49:04.463] [INFO ] CreateLedDevice 执行完成，检测到设备数量: 1
[2026-08-30 04:49:04.463] [INFO ] [+] 成功获取硬件控制权，ROG FALCHION ACE HFX 安全隔离驱动通道已就绪！
[2026-08-30 04:49:04.463] [INFO ] [WebUI 监护] 网页服务后台监护线程已就绪
[2026-08-30 04:49:04.463] [INFO ] [+] ROG FALCHION ACE HFX 守护进程正在运行中 (按 Ctrl+C 优雅退出)...
[2026-08-30 04:49:04.463] [INFO ] 前台窗口监控线程启动成功 (事件驱动模式，无轮询)
[2026-08-30 04:49:04.463] [INFO ] 前台窗口切换 -> 进程: [桌面/未知] => 匹配灯效方案: [desktop]
[2026-08-30 04:49:04.470] [INFO ] [WebUI 监护] 网页配置服务进程已启动 (PID: 25684, 绑定端口: 127.0.0.1:19898)
[2026-08-30 04:49:21.434] [INFO ] 检测到配置文件已修改，正在执行热重载...
[2026-08-30 04:49:21.435] [INFO ] 成功加载配置文件: config.json (默认方案: desktop, 规则数: 5, Profile数: 8)
[2026-08-30 04:49:21.435] [INFO ] 配置热重载生效，当前活跃方案更新为: [desktop]
[2026-08-30 04:49:41.434] [INFO ] 检测到配置文件已修改，正在执行热重载...
[2026-08-30 04:49:41.435] [INFO ] 成功加载配置文件: config.json (默认方案: desktop, 规则数: 5, Profile数: 8)
[2026-08-30 04:49:41.435] [INFO ] 配置热重载生效，当前活跃方案更新为: [desktop]
[2026-08-30 04:49:45.433] [INFO ] 检测到配置文件已修改，正在执行热重载...
[2026-08-30 04:49:45.434] [INFO ] 成功加载配置文件: config.json (默认方案: desktop, 规则数: 5, Profile数: 8)
[2026-08-30 04:49:45.434] [INFO ] 配置热重载生效，当前活跃方案更新为: [desktop]
[2026-08-30 04:49:47.434] [INFO ] 检测到配置文件已修改，正在执行热重载...
[2026-08-30 04:49:47.435] [INFO ] 成功加载配置文件: config.json (默认方案: desktop, 规则数: 5, Profile数: 8)
[2026-08-30 04:49:47.435] [INFO ] 配置热重载生效，当前活跃方案更新为: [desktop]
[2026-08-30 04:49:49.433] [INFO ] 检测到配置文件已修改，正在执行热重载...
[2026-08-30 04:49:49.434] [INFO ] 成功加载配置文件: config.json (默认方案: desktop, 规则数: 5, Profile数: 8)
[2026-08-30 04:49:49.434] [INFO ] 配置热重载生效，当前活跃方案更新为: [desktop]
[2026-08-30 04:49:50.434] [INFO ] 检测到配置文件已修改，正在执行热重载...
[2026-08-30 04:49:50.434] [INFO ] 成功加载配置文件: config.json (默认方案: desktop, 规则数: 5, Profile数: 8)
[2026-08-30 04:49:50.434] [INFO ] 配置热重载生效，当前活跃方案更新为: [desktop]
[2026-08-30 04:49:53.433] [INFO ] 检测到配置文件已修改，正在执行热重载...
[2026-08-30 04:49:53.434] [INFO ] 成功加载配置文件: config.json (默认方案: desktop, 规则数: 5, Profile数: 8)
[2026-08-30 04:49:53.434] [INFO ] 配置热重载生效，当前活跃方案更新为: [desktop]
[2026-08-30 04:49:56.433] [INFO ] 检测到配置文件已修改，正在执行热重载...
[2026-08-30 04:49:56.434] [INFO ] 成功加载配置文件: config.json (默认方案: desktop, 规则数: 5, Profile数: 8)
[2026-08-30 04:49:56.434] [INFO ] 配置热重载生效，当前活跃方案更新为: [desktop]
[2026-08-30 04:50:04.474] [INFO ] [Hardware] [推流稳定性报告 第 1 分钟] 累计帧数: 1501, 瞬时FPS: 25.01, 平均FPS: 25.01, 物理内存WorkingSet: 14.90 MB, 提交内存PrivateBytes: 3.34 MB
[2026-08-30 04:51:04.514] [INFO ] [Hardware] [推流稳定性报告 第 2 分钟] 累计帧数: 3002, 瞬时FPS: 25.00, 平均FPS: 25.01, 物理内存WorkingSet: 14.94 MB, 提交内存PrivateBytes: 3.34 MB
[2026-08-30 04:52:04.555] [INFO ] [Hardware] [推流稳定性报告 第 3 分钟] 累计帧数: 4503, 瞬时FPS: 25.00, 平均FPS: 25.01, 物理内存WorkingSet: 14.94 MB, 提交内存PrivateBytes: 3.34 MB
[2026-08-30 04:53:04.560] [INFO ] [Hardware] [推流稳定性报告 第 4 分钟] 累计帧数: 6003, 瞬时FPS: 24.99, 平均FPS: 25.01, 物理内存WorkingSet: 14.94 MB, 提交内存PrivateBytes: 3.34 MB
[2026-08-30 04:53:16.440] [INFO ] 检测到配置文件已修改，正在执行热重载...
[2026-08-30 04:53:16.441] [INFO ] 成功加载配置文件: config.json (默认方案: desktop, 规则数: 5, Profile数: 8)
[2026-08-30 04:53:16.441] [INFO ] 配置热重载生效，当前活跃方案更新为: [desktop]
[2026-08-30 04:53:19.440] [INFO ] 检测到配置文件已修改，正在执行热重载...
[2026-08-30 04:53:19.441] [INFO ] 成功加载配置文件: config.json (默认方案: desktop, 规则数: 5, Profile数: 8)
[2026-08-30 04:53:19.441] [INFO ] 配置热重载生效，当前活跃方案更新为: [desktop]
[2026-08-30 04:53:20.440] [INFO ] 检测到配置文件已修改，正在执行热重载...
[2026-08-30 04:53:20.441] [INFO ] 成功加载配置文件: config.json (默认方案: desktop, 规则数: 5, Profile数: 8)
[2026-08-30 04:53:20.441] [INFO ] 配置热重载生效，当前活跃方案更新为: [desktop]
[2026-08-30 04:53:21.440] [INFO ] 检测到配置文件已修改，正在执行热重载...
[2026-08-30 04:53:21.441] [INFO ] 成功加载配置文件: config.json (默认方案: desktop, 规则数: 5, Profile数: 8)
[2026-08-30 04:53:21.441] [INFO ] 配置热重载生效，当前活跃方案更新为: [desktop]
[2026-08-30 04:53:33.441] [INFO ] 检测到配置文件已修改，正在执行热重载...
[2026-08-30 04:53:33.441] [INFO ] 成功加载配置文件: config.json (默认方案: desktop, 规则数: 5, Profile数: 8)
[2026-08-30 04:53:33.441] [INFO ] 配置热重载生效，当前活跃方案更新为: [desktop]
[2026-08-30 04:54:04.561] [INFO ] [Hardware] [推流稳定性报告 第 5 分钟] 累计帧数: 7503, 瞬时FPS: 25.00, 平均FPS: 25.01, 物理内存WorkingSet: 15.12 MB, 提交内存PrivateBytes: 3.41 MB
[2026-08-30 04:54:54.632] [INFO ] 接收到系统中断信号 (0)，正在请求优雅退出...
[2026-08-30 04:54:54.670] [INFO ] 正在停止网页配置服务监护器...
[2026-08-30 04:54:54.671] [INFO ] [WebUI 监护] 正在通知网页服务平滑退出 (PID: 25684)...
[2026-08-30 04:54:54.676] [INFO ] [WebUI 监护] [+] 网页配置服务已平滑关闭 (PID: 25684)
[2026-08-30 04:54:54.676] [INFO ] 正在停止前台监控线程...
[2026-08-30 04:54:54.677] [INFO ] 前台窗口监控线程安全退出
[2026-08-30 04:54:54.677] [INFO ] 正在安全关闭 Aura 硬件连接...
[2026-08-30 04:54:54.687] [INFO ] [+] AuraAdapter 已安全关闭并释放所有 COM 资源
[2026-08-30 04:54:54.688] [INFO ] [+] 运行状态标记已清除 (.daemon_running 已删除)
[2026-08-30 04:54:54.688] [INFO ] [+] 守护进程已优雅退出，所有资源已安全释放。
[2026-08-30 06:30:14.436] [INFO ] 成功加载权威键位映射表: calibrated_keymap.json (共 68 个键位)
[2026-08-30 06:30:14.437] [INFO ] 成功加载配置文件: config.json (默认方案: desktop, 规则数: 5, Profile数: 8)
[2026-08-30 06:30:14.437] [INFO ] 构建安全隔离硬件寻址表完成: 总条目 72 (含 68 物理键位 + USB 64字节边界隔离槽)
[2026-08-30 06:30:14.437] [INFO ] 正在尝试创建 CLSID_ClaymoreHal COM 实例...
[2026-08-30 06:30:15.428] [INFO ] [Connect Step 6] Calling CreateLedDevice...
[2026-08-30 06:30:16.214] [INFO ] CreateLedDevice 执行完成，检测到设备数量: 1
[2026-08-30 06:30:16.214] [INFO ] [+] 成功获取硬件控制权，ROG FALCHION ACE HFX 安全隔离驱动通道已就绪！
[2026-08-30 06:30:16.214] [INFO ] [WebUI 监护] 网页服务后台监护线程已就绪
[2026-08-30 06:30:16.214] [INFO ] [+] ROG FALCHION ACE HFX 守护进程正在运行中 (按 Ctrl+C 优雅退出)...
[2026-08-30 06:30:16.214] [INFO ] 前台窗口监控线程启动成功 (事件驱动模式，无轮询)
[2026-08-30 06:30:16.214] [INFO ] 前台窗口切换 -> 进程: [GameViewer.exe] => 匹配灯效方案: [desktop]
[2026-08-30 06:30:16.214] [INFO ] 全局物理按键监听钩子 (WH_KEYBOARD_LL) 注册成功
[2026-08-30 06:30:16.224] [INFO ] [WebUI 监护] 网页配置服务进程已启动 (PID: 48640, 绑定端口: 127.0.0.1:19898)
[2026-08-30 06:30:29.728] [WARN ] [WebUI 监护] 网页服务异常退出 (退出码: 0x143)
[2026-08-30 06:30:29.728] [INFO ] [WebUI 监护] 正在通知网页服务平滑退出 (PID: 48640)...
[2026-08-30 06:30:29.728] [INFO ] [WebUI 监护] [+] 网页配置服务已平滑关闭 (PID: 48640)
[2026-08-30 06:30:29.736] [INFO ] [WebUI 监护] 网页配置服务进程已启动 (PID: 20028, 绑定端口: 127.0.0.1:19898)
[2026-08-30 06:52:53.397] [INFO ] 成功加载权威键位映射表: calibrated_keymap.json (共 68 个键位)
[2026-08-30 06:52:53.398] [INFO ] 成功加载配置文件: config.json (默认方案: desktop, 规则数: 5, Profile数: 8)
[2026-08-30 06:52:53.398] [INFO ] 构建安全隔离硬件寻址表完成: 总条目 72 (含 68 物理键位 + USB 64字节边界隔离槽)
[2026-08-30 06:52:53.398] [INFO ] 正在尝试创建 CLSID_ClaymoreHal COM 实例...
[2026-08-30 06:52:54.370] [INFO ] [Connect Step 6] Calling CreateLedDevice...
[2026-08-30 06:52:55.133] [INFO ] CreateLedDevice 执行完成，检测到设备数量: 1
[2026-08-30 06:52:55.133] [INFO ] [+] 成功获取硬件控制权，ROG FALCHION ACE HFX 安全隔离驱动通道已就绪！
[2026-08-30 06:52:55.133] [INFO ] [WebUI 监护] 网页服务后台监护线程已就绪
[2026-08-30 06:52:55.133] [INFO ] [+] ROG FALCHION ACE HFX 守护进程正在运行中 (按 Ctrl+C 优雅退出)...
[2026-08-30 06:52:55.133] [INFO ] 前台窗口监控线程启动成功 (事件驱动模式，无轮询)
[2026-08-30 06:52:55.133] [INFO ] 前台窗口切换 -> 进程: [explorer.exe] => 匹配灯效方案: [desktop]
[2026-08-30 06:52:55.133] [INFO ] 全局物理按键监听钩子 (WH_KEYBOARD_LL) 注册成功
[2026-08-30 06:52:55.141] [INFO ] [WebUI 监护] 网页配置服务进程已启动 (PID: 40548, 绑定端口: 127.0.0.1:19898)
[2026-08-30 06:53:55.144] [INFO ] [Hardware] [推流稳定性报告 第 1 分钟] 累计帧数: 1501, 瞬时FPS: 25.01, 平均FPS: 25.01, 物理内存WorkingSet: 16.68 MB, 提交内存PrivateBytes: 3.99 MB
[2026-08-30 06:54:55.144] [INFO ] [Hardware] [推流稳定性报告 第 2 分钟] 累计帧数: 3001, 瞬时FPS: 25.00, 平均FPS: 25.00, 物理内存WorkingSet: 16.73 MB, 提交内存PrivateBytes: 3.99 MB
[2026-08-30 06:55:55.184] [INFO ] [Hardware] [推流稳定性报告 第 3 分钟] 累计帧数: 4502, 瞬时FPS: 25.00, 平均FPS: 25.01, 物理内存WorkingSet: 16.73 MB, 提交内存PrivateBytes: 3.99 MB
[2026-08-30 06:55:55.184] [INFO ] 【稳定性验收达成】已完成预设的 3.000000 分钟持续推流测试！正在退出测试循环...
[2026-08-30 06:55:55.184] [INFO ] 正在停止网页配置服务监护器...
[2026-08-30 06:55:55.184] [INFO ] [WebUI 监护] 正在通知网页服务平滑退出 (PID: 40548)...
[2026-08-30 06:55:55.188] [INFO ] [WebUI 监护] [+] 网页配置服务已平滑关闭 (PID: 40548)
[2026-08-30 06:55:55.188] [INFO ] 正在停止前台监控线程...
[2026-08-30 06:55:55.188] [INFO ] 前台窗口监控线程安全退出
[2026-08-30 06:55:55.188] [INFO ] 正在安全关闭 Aura 硬件连接...
[2026-08-30 06:55:55.198] [INFO ] [+] AuraAdapter 已安全关闭并释放所有 COM 资源
[2026-08-30 06:55:55.318] [INFO ] [+] 运行状态标记已清除 (.daemon_running 已删除)
[2026-08-30 06:55:55.318] [INFO ] [+] 守护进程已优雅退出，所有资源已安全释放。
[2026-08-30 09:42:10.337] [INFO ] 成功加载权威键位映射表: calibrated_keymap.json (共 68 个键位)
[2026-08-30 09:42:10.339] [INFO ] 成功加载配置文件: config.json (默认方案: desktop, 规则数: 5, Profile数: 8)
[2026-08-30 09:42:10.339] [INFO ] 构建安全隔离硬件寻址表完成: 总条目 72 (含 68 物理键位 + USB 64字节边界隔离槽)
[2026-08-30 09:42:10.339] [INFO ] 正在尝试创建 CLSID_ClaymoreHal COM 实例...
[2026-08-30 09:42:41.889] [WARN ] 【异常退出兜底】检测到上一次进程未正常退出（存在残留标记文件 .daemon_running），将在连接后执行强制复位！
[2026-08-30 09:42:41.890] [INFO ] 成功加载权威键位映射表: calibrated_keymap.json (共 68 个键位)
[2026-08-30 09:42:41.891] [INFO ] 成功加载配置文件: config.json (默认方案: desktop, 规则数: 5, Profile数: 8)
[2026-08-30 09:42:41.891] [INFO ] 检测到上次非正常退出，正在等待华硕底层驱动通道就绪 (3 秒)...
[2026-08-30 09:42:44.891] [INFO ] 构建安全隔离硬件寻址表完成: 总条目 72 (含 68 物理键位 + USB 64字节边界隔离槽)
[2026-08-30 09:42:44.891] [INFO ] 正在尝试创建 CLSID_ClaymoreHal COM 实例...
